wind_direct,temperature,rain,humidity,wind_speed,AQI,wind_direct.1,temperature.1,rain.1,humidity.1,wind_speed.1,AQI.1,wind_direct.2,temperature.2,rain.2,humidity.2,wind_speed.2,AQI.2,AQI.3
0.062576189,0.195639364,0,0.798644724,0.062576189,0.146558373,0.0365705,0.384207425,0,0.486931268,0.0365705,0.176800844,0.097848153,0.439402868,0,0.395934172,0.097848153,0.24787065,28.81493506
0.0365705,0.384207425,0,0.486931268,0.0365705,0.176800844,0.097114994,0.439402868,0,0.395934172,0.097114994,0.24787065,0.073893626,0.441170693,0,0.460793804,0.073893626,0.26904038,25.7034632
0.097114994,0.439402868,0,0.395934172,0.097114994,0.24787065,0.073141,0.441170693,0,0.460793804,0.073141,0.26904038,0.068818514,0.488116284,0,0.506292352,0.068818514,0.234261538,83.62345679
0.073141,0.441170693,0,0.460793804,0.073141,0.26904038,0.068061764,0.488116284,0,0.506292352,0.068061764,0.234261538,0.297198538,0.471616578,0,0.573088093,0.297198538,0.881669053,77.35802469
0.068061764,0.488116284,0,0.506292352,0.068061764,0.234261538,0.296627387,0.471616578,0,0.573088093,0.296627387,0.881669053,0.541412911,0.505598114,0,0.501452081,0.541412911,0.811636451,47.00734049
0.296627387,0.471616578,0,0.573088093,0.296627387,0.881669053,0.541040228,0.505598114,0,0.501452081,0.541040228,0.811636451,0.129719854,0.321744255,0,0.512100678,0.129719854,0.472388123,42.07251082
0.541040228,0.505598114,0,0.501452081,0.541040228,0.811636451,0.129012597,0.321744255,0,0.512100678,0.129012597,0.472388123,0.067194478,0.351404439,0,0.438528558,0.067194478,0.417228486,41.80194805
0.129012597,0.321744255,0,0.512100678,0.129012597,0.472388123,0.066436408,0.351404439,0,0.438528558,0.066436408,0.417228486,0.191027203,0.470045178,0,0.509196515,0.191027203,0.414204239,54.56481481
0.066436408,0.351404439,0,0.438528558,0.066436408,0.417228486,0.190369768,0.470045178,0,0.509196515,0.190369768,0.414204239,0.363377994,0.377725398,0,0.655372701,0.363377994,0.556862677,32.60281385
0.190369768,0.470045178,0,0.509196515,0.190369768,0.414204239,0.362860626,0.377725398,0,0.655372701,0.362860626,0.556862677,0.106577345,0.18463956,0.001745201,0.68731849,0.106577345,0.311379838,48.7012987
0.362860626,0.377725398,0,0.655372701,0.362860626,0.556862677,0.10585128,0.18463956,0.001745201,0.68731849,0.10585128,0.311379838,0.099472188,0.193282263,0.043630017,0.770571152,0.099472188,0.491322539,54.7808642
0.10585128,0.18463956,0.001745201,0.68731849,0.10585128,0.311379838,0.098740349,0.193282263,0.043630017,0.770571152,0.098740349,0.491322539,0.255196914,0.276762915,0,0.702807357,0.255196914,0.559277595,43.83116883
0.098740349,0.193282263,0.043630017,0.770571152,0.098740349,0.491322539,0.254591629,0.276762915,0,0.702807357,0.254591629,0.559277595,0.170523752,0.298173247,0,0.757986447,0.170523752,0.436886092,41.66666667
0.254591629,0.276762915,0,0.702807357,0.254591629,0.559277595,0.169849655,0.298173247,0,0.757986447,0.169849655,0.436886092,0.482582217,0.35494009,0,0.707647628,0.482582217,0.412692115,15.01623377
0.169849655,0.298173247,0,0.757986447,0.169849655,0.436886092,0.482161723,0.35494009,0,0.707647628,0.482161723,0.412692115,0.539382866,0.185621685,0.006980803,0.758954501,0.539382866,0.114803779,51.54012346
0.482161723,0.35494009,0,0.707647628,0.482161723,0.412692115,0.539008533,0.185621685,0.006980803,0.758954501,0.539008533,0.114803779,0.1500203,0.118837164,0,0.669893514,0.1500203,0.523053835,58.5617284
0.539008533,0.185621685,0.006980803,0.758954501,0.539008533,0.114803779,0.149329541,0.118837164,0,0.669893514,0.149329541,0.523053835,0.209703613,0.135336869,0.015706806,0.855759923,0.209703613,0.601538647,57.91358025
0.149329541,0.118837164,0,0.669893514,0.149329541,0.523053835,0.209061357,0.135336869,0.015706806,0.855759923,0.209061357,0.601538647,0.176207877,0.189353762,0,0.591481123,0.176207877,0.594293895,73.93880837
0.209061357,0.135336869,0.015706806,0.855759923,0.209061357,0.601538647,0.175538399,0.189353762,0,0.591481123,0.175538399,0.594293895,0.076532684,0.315458653,0,0.431752178,0.076532684,0.77341776,89.56481481
0.175538399,0.189353762,0,0.591481123,0.175538399,0.594293895,0.075782202,0.315458653,0,0.431752178,0.075782202,0.77341776,0.533779943,0.441759969,0,0.4482091,0.533779943,0.948079278,65.04320988
0.075782202,0.315458653,0,0.431752178,0.075782202,0.77341776,0.533401056,0.441759969,0,0.4482091,0.533401056,0.948079278,0.298213561,0.478491456,0,0.572120039,0.298213561,0.673986166,84.27160494
0.533401056,0.441759969,0,0.4482091,0.533401056,0.948079278,0.297643234,0.478491456,0,0.572120039,0.297643234,0.673986166,0.688388145,0.457473974,0,0.778315586,0.688388145,0.888913805,24.08008658
0.297643234,0.478491456,0,0.572120039,0.297643234,0.673986166,0.688134905,0.457473974,0,0.778315586,0.688134905,0.888913805,0.351197726,0.395796504,0,0.851887706,0.351197726,0.216116056,15.28679654
0.688134905,0.457473974,0,0.778315586,0.688134905,0.888913805,0.350670459,0.395796504,0,0.851887706,0.350670459,0.216116056,0.624035729,0.26301316,0.247818499,0.961277832,0.624035729,0.117828026,13.83399209
0.350670459,0.395796504,0,0.851887706,0.350670459,0.216116056,0.623730191,0.26301316,0.247818499,0.961277832,0.623730191,0.117828026,0.657531466,0.12217639,0.019197208,0.805421104,0.657531466,0.101589134,24.08008658
0.623730191,0.26301316,0.247818499,0.961277832,0.623730191,0.117828026,0.657253149,0.12217639,0.019197208,0.805421104,0.657253149,0.101589134,0.212342672,0.094676881,0.006980803,0.708615682,0.212342672,0.216116056,32.1969697
0.657253149,0.12217639,0.019197208,0.805421104,0.657253149,0.101589134,0.21170256,0.094676881,0.006980803,0.708615682,0.21170256,0.216116056,0.330085262,0.01591043,0,0.609874153,0.330085262,0.306843468,80.6969697
0.21170256,0.094676881,0.006980803,0.708615682,0.21170256,0.216116056,0.329540837,0.01591043,0,0.609874153,0.329540837,0.306843468,0.490519691,0.009035553,0,0.259438529,0.490519691,0.8489579,91.07246377
0.329540837,0.01591043,0,0.609874153,0.329540837,0.306843468,0.490105648,0.009035553,0,0.259438529,0.490105648,0.8489579,0.203816484,0.013749754,0,0.281703775,0.203816484,0.964931201,49.6482684
0.490105648,0.009035553,0,0.259438529,0.490105648,0.8489579,0.203169443,0.013749754,0,0.281703775,0.203169443,0.964931201,0.171132765,0.105676684,0,0.353339787,0.171132765,0.501907404,30.97943723
0.203169443,0.013749754,0,0.281703775,0.203169443,0.964931201,0.170459163,0.105676684,0,0.353339787,0.170459163,0.501907404,0.107389363,0.274209389,0,0.363020329,0.107389363,0.293234356,33.31451158
0.170459163,0.105676684,0,0.353339787,0.170459163,0.501907404,0.106663958,0.274209389,0,0.363020329,0.106663958,0.293234356,0.145960211,0.278923591,0.003490401,0.66214908,0.145960211,0.319334923,33.68506494
0.106663958,0.274209389,0,0.363020329,0.106663958,0.293234356,0.145266152,0.278923591,0.003490401,0.66214908,0.145266152,0.319334923,0.575314657,0.227067374,0.102966841,0.948693127,0.575314657,0.323476827,33.14393939
0.145266152,0.278923591,0.003490401,0.66214908,0.145266152,0.319334923,0.574969525,0.227067374,0.102966841,0.948693127,0.574969525,0.323476827,0.24319935,0.176586132,0.092495637,0.810261375,0.24319935,0.317428333,29.22077922
0.574969525,0.227067374,0.102966841,0.948693127,0.574969525,0.323476827,0.242584315,0.176586132,0.092495637,0.810261375,0.242584315,0.317428333,0.201177426,0.362207818,0,0.616650532,0.201177426,0.27357675,24.48593074
0.242584315,0.176586132,0.092495637,0.810261375,0.242584315,0.317428333,0.200528241,0.362207818,0,0.616650532,0.200528241,0.27357675,0.719914738,0.229424475,0.027923211,0.865440465,0.719914738,0.220652426,34.9025974
0.200528241,0.362207818,0,0.616650532,0.200528241,0.27357675,0.719687119,0.229424475,0.027923211,0.865440465,0.719687119,0.220652426,0.040600893,0.211353369,0,0.524685382,0.040600893,0.337085939,53.26851852
0.719687119,0.229424475,0.027923211,0.865440465,0.719687119,0.220652426,0.039821211,0.211353369,0,0.524685382,0.039821211,0.337085939,0.121599675,0.150068749,0,0.620522749,0.121599675,0.542373174,57.04938272
0.039821211,0.211353369,0,0.524685382,0.039821211,0.337085939,0.120885819,0.150068749,0,0.620522749,0.120885819,0.542373174,0.105968331,0.256727558,0,0.311713456,0.105968331,0.584634226,63.20679012
0.120885819,0.150068749,0,0.620522749,0.120885819,0.542373174,0.105241772,0.256727558,0,0.311713456,0.105241772,0.584634226,0.363235891,0.372421921,0,0.428848015,0.363235891,0.653459369,76.70987654
0.105241772,0.256727558,0,0.311713456,0.105241772,0.584634226,0.362718407,0.372421921,0,0.428848015,0.362718407,0.653459369,0.235363378,0.469652328,0,0.414327202,0.235363378,0.8043917,55.21296296
0.362718407,0.372421921,0,0.428848015,0.362718407,0.653459369,0.234741975,0.469652328,0,0.414327202,0.234741975,0.8043917,0.34591961,0.486937733,0.022687609,0.624394966,0.34591961,0.564107429,58.60869565
0.234741975,0.469652328,0,0.414327202,0.234741975,0.8043917,0.345388054,0.486937733,0.022687609,0.624394966,0.345388054,0.564107429,0.195249695,0.455509723,0.013961606,0.771539206,0.195249695,0.602063629,42.88419913
0.345388054,0.486937733,0.022687609,0.624394966,0.345388054,0.564107429,0.194595693,0.455509723,0.013961606,0.771539206,0.194595693,0.602063629,0.141900122,0.517580043,0,0.708615682,0.141900122,0.426301227,22.18614719
0.194595693,0.455509723,0.013961606,0.771539206,0.194595693,0.602063629,0.141202763,0.517580043,0,0.708615682,0.141202763,0.426301227,0.123020706,0.117462188,0.038394415,0.715392062,0.123020706,0.194946326,45.18398268
0.141202763,0.517580043,0,0.708615682,0.141202763,0.426301227,0.122308005,0.117462188,0.038394415,0.715392062,0.122308005,0.194946326,0.000812018,0,0,0.268151016,0.000812018,0.452007327,34.44381705
0.122308005,0.117462188,0.038394415,0.715392062,0.122308005,0.194946326,0,0,0,0.268151016,0,0.452007327,0.109419407,0.084069927,0,0.262342691,0.109419407,0.331957867,29.35606061
0,0,0,0.268151016,0,0.452007327,0.108695652,0.084069927,0,0.262342691,0.108695652,0.331957867,0.131546894,0.29090552,0,0.307841239,0.131546894,0.275088874,33.00865801
0.108695652,0.084069927,0,0.262342691,0.108695652,0.331957867,0.130841121,0.29090552,0,0.307841239,0.130841121,0.275088874,0.080998782,0.286780593,0,0.693126815,0.080998782,0.315916209,58.23765432
0.130841121,0.29090552,0,0.307841239,0.130841121,0.275088874,0.08025193,0.286780593,0,0.693126815,0.08025193,0.315916209,0.564758425,0.412099784,0,0.581800581,0.564758425,0.597916271,76.49382716
0.08025193,0.286780593,0,0.693126815,0.08025193,0.315916209,0.564404714,0.412099784,0,0.581800581,0.564404714,0.597916271,0.258018676,0.327047731,0.005235602,0.800580833,0.258018676,0.801976782,63.79388084
0.564404714,0.412099784,0,0.581800581,0.564404714,0.597916271,0.257415685,0.327047731,0.005235602,0.800580833,0.257415685,0.801976782,0.092773041,0.334708309,0,0.623426912,0.092773041,0.660021644,36.66125541
0.257415685,0.327047731,0.005235602,0.800580833,0.257415685,0.801976782,0.092035758,0.334708309,0,0.623426912,0.092035758,0.660021644,0.099675193,0.529365547,0,0.465634076,0.099675193,0.356743545,72.38888889
0.092035758,0.334708309,0,0.623426912,0.092035758,0.660021644,0.098943519,0.529365547,0,0.465634076,0.098943519,0.356743545,0.232115307,0.544490277,0,0.425943853,0.232115307,0.756093354,60.18209877
0.098943519,0.529365547,0,0.465634076,0.098943519,0.356743545,0.231491264,0.544490277,0,0.425943853,0.231491264,0.756093354,0.10272026,0.526419171,0,0.542110358,0.10272026,0.619650527,38.66587957
0.231491264,0.544490277,0,0.425943853,0.231491264,0.756093354,0.101991061,0.526419171,0,0.542110358,0.101991061,0.619650527,0.047909054,0.351993714,0,0.788964182,0.047909054,0.379150466,70.12037037
0.101991061,0.526419171,0,0.542110358,0.101991061,0.619650527,0.047135311,0.351993714,0,0.788964182,0.047135311,0.379150466,0.572878603,0.467491652,0,0.689254598,0.572878603,0.730736722,62.2345679
0.047135311,0.351993714,0,0.788964182,0.047135311,0.379150466,0.572531491,0.467491652,0,0.689254598,0.572531491,0.730736722,0.264514819,0.519544294,0,0.537270087,0.264514819,0.642592241,54.45679012
0.572531491,0.467491652,0,0.689254598,0.572531491,0.730736722,0.263917107,0.519544294,0,0.537270087,0.263917107,0.642592241,0.604953309,0.430760165,0,0.722168441,0.604953309,0.555655219,29.22077922
0.263917107,0.519544294,0,0.537270087,0.263917107,0.642592241,0.604632263,0.430760165,0,0.722168441,0.604632263,0.555655219,0.073284612,0.257513259,0,0.65053243,0.073284612,0.27357675,37.26708075
0.604632263,0.430760165,0,0.722168441,0.604632263,0.555655219,0.072531491,0.257513259,0,0.65053243,0.072531491,0.27357675,0.031668697,0.395010803,0,0.590513069,0.031668697,0.363515228,23.26839827
0.072531491,0.257513259,0,0.65053243,0.072531491,0.27357675,0.030881755,0.395010803,0,0.590513069,0.030881755,0.363515228,0.067600487,0.299744647,0.019197208,0.765730881,0.067600487,0.207043315,43.42532468
0.030881755,0.395010803,0,0.590513069,0.030881755,0.363515228,0.066842747,0.299744647,0.019197208,0.765730881,0.066842747,0.207043315,0.093788063,0.131997643,0.118673647,0.806389158,0.093788063,0.432349721,33.82034632
0.066842747,0.299744647,0.019197208,0.765730881,0.066842747,0.207043315,0.093051605,0.131997643,0.118673647,0.806389158,0.093051605,0.432349721,0.073690621,0.381261049,0,0.583736689,0.073690621,0.32498895,67.41975309
0.093051605,0.131997643,0.118673647,0.806389158,0.093051605,0.432349721,0.07293783,0.381261049,0,0.583736689,0.07293783,0.32498895,0.458830694,0.476920055,0,0.623426912,0.458830694,0.700550256,29.22077922
0.07293783,0.381261049,0,0.583736689,0.07293783,0.32498895,0.458390898,0.476920055,0,0.623426912,0.458390898,0.700550256,0.070848559,0.55274013,0,0.647628267,0.070848559,0.27357675,74.33333333
0.458390898,0.476920055,0,0.623426912,0.458390898,0.700550256,0.070093458,0.55274013,0,0.647628267,0.070093458,0.27357675,0.623020706,0.561775683,0.005235602,0.688286544,0.623020706,0.777827609,29.50310559
0.070093458,0.55274013,0,0.647628267,0.070093458,0.27357675,0.622714344,0.561775683,0.005235602,0.688286544,0.622714344,0.777827609,0.226755989,0.284619918,0.671902269,0.781219748,0.226755989,0.276732486,60.39814815
0.622714344,0.561775683,0.005235602,0.688286544,0.622714344,0.777827609,0.22612759,0.284619918,0.671902269,0.781219748,0.22612759,0.276732486,0.086682907,0.27813789,0,0.41142304,0.086682907,0.622065444,52.40432099
0.22612759,0.284619918,0.671902269,0.781219748,0.22612759,0.276732486,0.085940675,0.27813789,0,0.41142304,0.085940675,0.622065444,0.416950873,0.426242389,0.005235602,0.561471442,0.416950873,0.532713505,36.84359119
0.085940675,0.27813789,0,0.41142304,0.085940675,0.622065444,0.416477042,0.426242389,0.005235602,0.561471442,0.416477042,0.532713505,0.437013893,0.351071371,0.556719023,0.985395008,0.437013893,0.358781624,46.80735931
0.416477042,0.426242389,0.005235602,0.561471442,0.416477042,0.532713505,0.436556366,0.351071371,0.556719023,0.985395008,0.436556366,0.358781624,0.092773041,0.208406993,0.02443281,0.678606002,0.092773041,0.47015281,55.32098765
0.436556366,0.351071371,0.556719023,0.985395008,0.436556366,0.358781624,0.092035758,0.208406993,0.02443281,0.678606002,0.092035758,0.47015281,0.087088916,0.266155962,0,0.208131655,0.087088916,0.565314888,47.754329
0.092035758,0.208406993,0.02443281,0.678606002,0.092035758,0.47015281,0.086347013,0.266155962,0,0.208131655,0.086347013,0.565314888,0.108607389,0.370261245,0,0,0.108607389,0.480737674,68.39197531
0.086347013,0.266155962,0,0.208131655,0.086347013,0.565314888,0.107882974,0.370261245,0,0,0.107882974,0.480737674,0.414717824,0.451974072,0,0.223620523,0.414717824,0.711417384,94.20987654
0.107882974,0.370261245,0,0,0.107882974,0.480737674,0.414242178,0.451974072,0,0.223620523,0.414242178,0.711417384,0.104344296,0.435081516,0.001745201,0.618586641,0.104344296,1,85.35185185
0.414242178,0.451974072,0,0.223620523,0.414242178,0.711417384,0.103616416,0.435081516,0.001745201,0.618586641,0.103616416,1,0.491473812,0.397367904,0.07504363,0.873184898,0.491473812,0.900988391,74.72785829
0.103616416,0.435081516,0.001745201,0.618586641,0.103616416,1,0.491060544,0.397367904,0.07504363,0.873184898,0.491060544,0.900988391,0.076647425,0.464212207,0,0.666189654,0.076647425,0.782237458,73.14506173
0.491060544,0.397367904,0.07504363,0.873184898,0.491060544,0.900988391,0.075897037,0.464212207,0,0.666189654,0.075897037,0.782237458,0.451542834,0.607935573,0,0.511132623,0.451542834,0.764545564,76.49382716
0.075897037,0.464212207,0,0.666189654,0.075897037,0.782237458,0.451097115,0.607935573,0,0.511132623,0.451097115,0.764545564,0.316483963,0.658416814,0,0.519845111,0.316483963,0.801976782,62.77469136
0.451097115,0.607935573,0,0.511132623,0.451097115,0.764545564,0.315928484,0.658416814,0,0.519845111,0.315928484,0.801976782,0.04364596,0.464741701,0.008726003,0.703775411,0.04364596,0.648629534,39.77272727
0.315928484,0.658416814,0,0.519845111,0.315928484,0.801976782,0.042868753,0.464741701,0.008726003,0.703775411,0.042868753,0.648629534,0.026390581,0.473384404,0.003490401,0.672797677,0.026390581,0.391522386,65.48470209
0.042868753,0.464741701,0.008726003,0.703775411,0.042868753,0.648629534,0.02559935,0.473384404,0.003490401,0.672797677,0.02559935,0.391522386,0.213357694,0.618738951,0,0.61374637,0.213357694,0.678920997,61.72390572
0.02559935,0.473384404,0.003490401,0.672797677,0.02559935,0.391522386,0.212718407,0.618738951,0,0.61374637,0.212718407,0.678920997,0.397482745,0.70830878,0,0.42303969,0.397482745,0.636884255,70.55246914
0.212718407,0.618738951,0,0.61374637,0.212718407,0.678920997,0.396993092,0.70830878,0,0.42303969,0.396993092,0.636884255,0.223913926,0.597132194,0.467713787,0.70571152,0.223913926,0.735566557,17.31601732
0.396993092,0.70830878,0,0.42303969,0.396993092,0.636884255,0.223283218,0.597132194,0.467713787,0.70571152,0.223283218,0.735566557,0.2681689,0.291887645,0.670157068,0.893514037,0.2681689,0.140509879,21.91558442
0.223283218,0.597132194,0.467713787,0.70571152,0.223283218,0.735566557,0.267574157,0.291887645,0.670157068,0.893514037,0.267574157,0.140509879,0.070036541,0.277941465,0,0.649564376,0.070036541,0.191922079,32.60281385
0.267574157,0.291887645,0.670157068,0.893514037,0.267574157,0.140509879,0.06928078,0.277941465,0,0.649564376,0.06928078,0.191922079,0.497969955,0.396975054,0.001745201,0.76089061,0.497969955,0.311379838,23.57425184
0.06928078,0.277941465,0,0.649564376,0.06928078,0.191922079,0.497561967,0.396975054,0.001745201,0.76089061,0.497561967,0.311379838,0.248653992,0.418709914,0.02617801,0.811650322,0.248653992,0.210462029,23.29192547
0.497561967,0.396975054,0.001745201,0.76089061,0.497561967,0.311379838,0.24804339,0.418709914,0.02617801,0.811650322,0.24804339,0.210462029,0.395249695,0.280298566,0.055846422,0.787028074,0.395249695,0.207306293,26.6504329
0.24804339,0.418709914,0.02617801,0.811650322,0.24804339,0.210462029,0.394758228,0.280298566,0.055846422,0.787028074,0.394758228,0.207306293,0.057247259,0.32429778,0.160558464,0.802516941,0.057247259,0.244846403,45.45454545
0.394758228,0.280298566,0.055846422,0.787028074,0.394758228,0.207306293,0.056481105,0.32429778,0.160558464,0.802516941,0.056481105,0.244846403,0.064352416,0.381064624,0.012216405,0.813165537,0.064352416,0.455031574,43.29004329
0.056481105,0.32429778,0.160558464,0.802516941,0.056481105,0.244846403,0.063592036,0.381064624,0.012216405,0.813165537,0.063592036,0.455031574,0.090742996,0.290119819,0.003490401,0.730880929,0.090742996,0.430837598,52.2962963
0.063592036,0.381064624,0.012216405,0.813165537,0.063592036,0.455031574,0.090004063,0.290119819,0.003490401,0.730880929,0.090004063,0.430837598,0.13499797,0.270280888,0.010471204,0.567279768,0.13499797,0.531506046,34.22619048
0.090004063,0.290119819,0.003490401,0.730880929,0.090004063,0.430837598,0.134295002,0.270280888,0.010471204,0.567279768,0.134295002,0.531506046,0.096021112,0.297191122,0.066317627,0.674733785,0.096021112,0.329525321,30.3030303
0.134295002,0.270280888,0.010471204,0.567279768,0.134295002,0.531506046,0.095286469,0.297191122,0.066317627,0.674733785,0.095286469,0.329525321,0.15956151,0.242977804,0.020942408,0.794772507,0.15956151,0.285673738,36.25541126
0.095286469,0.297191122,0.066317627,0.674733785,0.095286469,0.329525321,0.158878505,0.242977804,0.020942408,0.794772507,0.158878505,0.285673738,0.128501827,0.341190336,0,0.64375605,0.128501827,0.352207174,48.0177717
0.158878505,0.242977804,0.020942408,0.794772507,0.158878505,0.285673738,0.12779358,0.341190336,0,0.64375605,0.12779358,0.352207174,0.103822284,0.399023487,0.006980803,0.572534919,0.103822284,0.483682336,39.80801807
0.12779358,0.341190336,0,0.64375605,0.12779358,0.352207174,0.10309398,0.399023487,0.006980803,0.572534919,0.10309398,0.483682336,0.07409663,0.528776272,0,0.309777348,0.07409663,0.391916853,61.91049383
0.10309398,0.399023487,0.006980803,0.572534919,0.10309398,0.483682336,0.073344169,0.528776272,0,0.309777348,0.073344169,0.391916853,0.690215185,0.431153015,0.162303665,0.642787996,0.690215185,0.638969865,45.18398268
0.073344169,0.528776272,0,0.309777348,0.073344169,0.391916853,0.68996343,0.431153015,0.162303665,0.642787996,0.68996343,0.638969865,0.535525782,0.176586132,0.178010471,0.609874153,0.535525782,0.452007327,72.69887279
0.68996343,0.431153015,0.162303665,0.642787996,0.68996343,0.638969865,0.535148314,0.176586132,0.178010471,0.609874153,0.535148314,0.452007327,0.292252611,0.214424742,0,0.15946493,0.292252611,0.759558235,74.33333333
0.535148314,0.176586132,0.178010471,0.609874153,0.535148314,0.452007327,0.291677441,0.214424742,0,0.15946493,0.291677441,0.759558235,0.13193525,0.384480712,0,0.11465129,0.13193525,0.777827609,83.08333333
0.291677441,0.214424742,0,0.15946493,0.291677441,0.759558235,0.131229793,0.384480712,0,0.11465129,0.131229793,0.777827609,0.420625254,0.449420546,0,0.266214908,0.420625254,0.87563176,68.07729469
0.131229793,0.384480712,0,0.11465129,0.131229793,0.777827609,0.420154409,0.449420546,0,0.266214908,0.420154409,0.87563176,0.253349574,0.543508152,0,0.249757986,0.253349574,0.707900004,69.25617284
0.420154409,0.449420546,0,0.266214908,0.420154409,0.87563176,0.252742787,0.543508152,0,0.249757986,0.252742787,0.707900004,0.299228583,0.58338244,0,0.424007744,0.299228583,0.721077053,71.41666667
0.252742787,0.543508152,0,0.249757986,0.252742787,0.707900004,0.298659082,0.58338244,0,0.424007744,0.298659082,0.721077053,0.1045473,0.616578275,0,0.499515973,0.1045473,0.745226226,72.92901235
0.298659082,0.58338244,0,0.424007744,0.298659082,0.721077053,0.103819586,0.616578275,0,0.499515973,0.103819586,0.745226226,0.401136825,0.657238264,0,0.624394966,0.401136825,0.762130647,55.25925926
0.103819586,0.616578275,0,0.499515973,0.103819586,0.745226226,0.400650142,0.657238264,0,0.624394966,0.400650142,0.762130647,0.117539586,0.583578865,0,0.661181026,0.117539586,0.564624912,30.16774892
0.400650142,0.657238264,0,0.624394966,0.400650142,0.762130647,0.11682243,0.583578865,0,0.661181026,0.11682243,0.564624912,0.22452294,0.529758397,0,0.714424008,0.22452294,0.284161615,10.01082251
0.11682243,0.583578865,0,0.661181026,0.11682243,0.564624912,0.223892727,0.529758397,0,0.714424008,0.223892727,0.284161615,0.063946407,0.355725791,0.003490401,0.794772507,0.063946407,0.058855208,40.17857143
0.223892727,0.529758397,0,0.714424008,0.223892727,0.284161615,0.063185697,0.355725791,0.003490401,0.794772507,0.063185697,0.058855208,0.082419813,0.262816735,0.183246073,0.854791868,0.082419813,0.396058756,29.78543196
0.063185697,0.355725791,0.003490401,0.794772507,0.063185697,0.058855208,0.081674116,0.262816735,0.183246073,0.854791868,0.081674116,0.396058756,0.084652862,0.207032017,0.080279232,0.8160697,0.084652862,0.279888222,30.84415584
0.081674116,0.262816735,0.183246073,0.854791868,0.081674116,0.396058756,0.08390898,0.207032017,0.080279232,0.8160697,0.08390898,0.279888222,0.055826228,0.394814378,0,0.678606002,0.055826228,0.291722233,41.53138528
0.08390898,0.207032017,0.080279232,0.8160697,0.08390898,0.279888222,0.055058919,0.394814378,0,0.678606002,0.055058919,0.291722233,0.245838408,0.428795914,0.005235602,0.770571152,0.245838408,0.411179992,26.6798419
0.055058919,0.394814378,0,0.678606002,0.055058919,0.291722233,0.245225518,0.428795914,0.005235602,0.770571152,0.245225518,0.411179992,0.066585465,0.497937537,0.008726003,0.590513069,0.066585465,0.245175125,40.71969697
0.245225518,0.428795914,0.005235602,0.770571152,0.245225518,0.411179992,0.0658269,0.497937537,0.008726003,0.590513069,0.0658269,0.245175125,0.063743402,0.590846592,0,0.270087125,0.063743402,0.402107251,51.86419753
0.0658269,0.497937537,0.008726003,0.590513069,0.0658269,0.245175125,0.062982527,0.590846592,0,0.270087125,0.062982527,0.402107251,0.095209095,0.666863092,0,0.23910939,0.095209095,0.526676211,64.50308642
0.062982527,0.590846592,0,0.270087125,0.062982527,0.402107251,0.094473791,0.666863092,0,0.23910939,0.094473791,0.526676211,0.236682907,0.705951679,0,0.247821878,0.236682907,0.667948873,77.57407407
0.094473791,0.666863092,0,0.23910939,0.094473791,0.526676211,0.236062576,0.705951679,0,0.247821878,0.236062576,0.667948873,0.355257816,0.733254763,0,0.259438529,0.355257816,0.814051369,74.7654321
0.236062576,0.705951679,0,0.247821878,0.236062576,0.667948873,0.354733848,0.733254763,0,0.259438529,0.354733848,0.814051369,0.284449858,0.756236496,0,0.329138432,0.284449858,0.782657444,55.42901235
0.354733848,0.733254763,0,0.259438529,0.354733848,0.814051369,0.283868346,0.756236496,0,0.329138432,0.283868346,0.782657444,0.440722696,0.78589668,0,0.469506292,0.440722696,0.566522347,54.02469136
0.283868346,0.756236496,0,0.329138432,0.283868346,0.782657444,0.440268184,0.78589668,0,0.469506292,0.440268184,0.566522347,0.371782379,0.848163426,0,0.463697967,0.371782379,0.550825384,71.84876543
0.440268184,0.78589668,0,0.469506292,0.440268184,0.566522347,0.371271841,0.848163426,0,0.463697967,0.371271841,0.550825384,0.144336175,0.834806521,0,0.495643756,0.144336175,0.750056061,39.36688312
0.371271841,0.848163426,0,0.463697967,0.371271841,0.550825384,0.143640796,0.834806521,0,0.495643756,0.143640796,0.750056061,0.166260658,0.726969161,0.001745201,0.590513069,0.166260658,0.386986015,38.69047619
0.143640796,0.834806521,0,0.495643756,0.143640796,0.750056061,0.165583096,0.726969161,0.001745201,0.590513069,0.165583096,0.386986015,0.065773447,0.656648988,0.127399651,0.729912875,0.065773447,0.379425398,38.39638622
0.165583096,0.726969161,0.001745201,0.590513069,0.165583096,0.386986015,0.065014222,0.656648988,0.127399651,0.729912875,0.065014222,0.379425398,0.184328055,0.796307209,0,0.53339787,0.184328055,0.376138172,35.44372294
0.065014222,0.656648988,0.127399651,0.729912875,0.065014222,0.379425398,0.183665177,0.796307209,0,0.53339787,0.183665177,0.376138172,0.452090946,0.891180515,0,0.421103582,0.452090946,0.343134433,45.58982684
0.183665177,0.796307209,0,0.53339787,0.183665177,0.376138172,0.451645672,0.891180515,0,0.421103582,0.451645672,0.343134433,0.099675193,0.838538598,0.017452007,0.600193611,0.099675193,0.456543698,44.46640316
0.451645672,0.891180515,0,0.421103582,0.451645672,0.343134433,0.098943519,0.838538598,0.017452007,0.600193611,0.098943519,0.456543698,0.031871701,0.661559615,0,0.738625363,0.031871701,0.443986498,48.02489177
0.098943519,0.838538598,0.017452007,0.600193611,0.098943519,0.456543698,0.031084925,0.661559615,0,0.738625363,0.031084925,0.443986498,0.086073894,0.561186407,0.218150087,0.783155857,0.086073894,0.483761921,80.92283951
0.031084925,0.661559615,0,0.738625363,0.031084925,0.443986498,0.085331166,0.561186407,0.218150087,0.783155857,0.085331166,0.483761921,0.053390175,0.697898252,0,0.38625363,0.053390175,0.851482587,70.76851852
0.085331166,0.561186407,0.218150087,0.783155857,0.085331166,0.483761921,0.052620886,0.697898252,0,0.38625363,0.052620886,0.851482587,0.270807958,0.805539187,0,0.377541142,0.270807958,0.737981474,71.00805153
0.052620886,0.697898252,0,0.38625363,0.052620886,0.851482587,0.27021536,0.805539187,0,0.377541142,0.27021536,0.737981474,0.419610231,0.828717344,0,0.463697967,0.419610231,0.740658882,45.31926407
0.27021536,0.805539187,0,0.377541142,0.27021536,0.737981474,0.419138562,0.828717344,0,0.463697967,0.419138562,0.740658882,0.268574909,0.735219014,0.122164049,0.629235237,0.268574909,0.453519451,22.32142857
0.419138562,0.828717344,0,0.463697967,0.419138562,0.740658882,0.267980496,0.735219014,0.122164049,0.629235237,0.267980496,0.453519451,0.2909054,0.803574936,0,0.418199419,0.2909054,0.19645845,29.78543196
0.267980496,0.735219014,0.122164049,0.629235237,0.267980496,0.453519451,0.290329134,0.803574936,0,0.418199419,0.290329134,0.19645845,0.728380024,0.697898252,0.136125654,0.691190707,0.728380024,0.279888222,40.71969697
0.290329134,0.803574936,0,0.418199419,0.290329134,0.19645845,0.728159285,0.697898252,0.136125654,0.691190707,0.728159285,0.279888222,0.203004466,0.56865056,0.181500873,0.83446273,0.203004466,0.402107251,35.8495671
0.728159285,0.697898252,0.136125654,0.691190707,0.728159285,0.279888222,0.202356766,0.56865056,0.181500873,0.83446273,0.202356766,0.402107251,0.098051157,0.610685523,0.015706806,0.774443369,0.098051157,0.347670803,17.78656126
0.202356766,0.56865056,0.181500873,0.83446273,0.202356766,0.402107251,0.097318163,0.610685523,0.015706806,0.774443369,0.097318163,0.347670803,0.074502639,0.63111373,0.321116928,0.817037754,0.074502639,0.145769439,15.96320346
0.097318163,0.610685523,0.015706806,0.774443369,0.097318163,0.347670803,0.073750508,0.63111373,0.321116928,0.817037754,0.073750508,0.145769439,0.211124645,0.567275584,0.605584642,1,0.211124645,0.125388644,15.28679654
0.073750508,0.63111373,0.321116928,0.817037754,0.073750508,0.145769439,0.210483543,0.567275584,0.605584642,1,0.210483543,0.125388644,0.156516443,0.561972108,0.167539267,0.956437561,0.156516443,0.117828026,23.26839827
0.210483543,0.567275584,0.605584642,1,0.210483543,0.125388644,0.155830963,0.561972108,0.167539267,0.956437561,0.155830963,0.117828026,0.063540398,0.691416225,0,0.658276864,0.063540398,0.207043315,35.44372294
0.155830963,0.561972108,0.167539267,0.956437561,0.155830963,0.117828026,0.062779358,0.691416225,0,0.658276864,0.062779358,0.207043315,0.105359318,0.730504812,0.001745201,0.693126815,0.105359318,0.343134433,30.43831169
0.062779358,0.691416225,0,0.658276864,0.062779358,0.207043315,0.104632263,0.730504812,0.001745201,0.693126815,0.104632263,0.343134433,0.531024378,0.796051002,0,0.567195589,0.531024378,0.287185862,16.23376623
0.104632263,0.730504812,0.001745201,0.693126815,0.104632263,0.343134433,0.530643252,0.796051002,0,0.567195589,0.530643252,0.287185862,0.098051157,0.615006875,0.136125654,0.782187803,0.098051157,0.128412891,14.31523022
0.530643252,0.796051002,0,0.567195589,0.530643252,0.287185862,0.097318163,0.615006875,0.136125654,0.782187803,0.097318163,0.128412891,0.070848559,0.538990375,1,0.972894482,0.070848559,0.10696823,29.07961604
0.097318163,0.615006875,0.136125654,0.782187803,0.097318163,0.128412891,0.070093458,0.538990375,1,0.972894482,0.070093458,0.10696823,0.181485993,0.669809468,0.209424084,0.835430784,0.181485993,0.271998882,36.39069264
0.070093458,0.538990375,1,0.972894482,0.070093458,0.10696823,0.180820805,0.669809468,0.209424084,0.835430784,0.180820805,0.271998882,0.212545676,0.812217639,0,0.565343659,0.212545676,0.353719297,24.21536797
0.180820805,0.669809468,0.209424084,0.835430784,0.180820805,0.271998882,0.211905729,0.812217639,0,0.565343659,0.211905729,0.353719297,0.570239545,0.848359851,0.020942408,0.524685382,0.570239545,0.217628179,27.05627706
0.211905729,0.812217639,0,0.565343659,0.211905729,0.353719297,0.569890289,0.848359851,0.020942408,0.524685382,0.569890289,0.217628179,0.297198538,0.81536044,0.095986038,0.642787996,0.297198538,0.249382774,36.84359119
0.569890289,0.848359851,0.020942408,0.524685382,0.569890289,0.217628179,0.296627387,0.81536044,0.095986038,0.642787996,0.296627387,0.249382774,0.1545676,0.839324298,0,0.591481123,0.1545676,0.358781624,29.50310559
0.296627387,0.81536044,0.095986038,0.642787996,0.296627387,0.249382774,0.153880536,0.839324298,0,0.591481123,0.153880536,0.358781624,0.749695493,0.909448046,0,0.390125847,0.749695493,0.276732486,33.54978355
0.153880536,0.839324298,0,0.591481123,0.153880536,0.358781624,0.749492076,0.909448046,0,0.390125847,0.749492076,0.276732486,0.653065367,0.915537223,0,0.354307841,0.653065367,0.321964703,36.7965368
0.749492076,0.909448046,0,0.390125847,0.749492076,0.276732486,0.652783421,0.915537223,0,0.354307841,0.652783421,0.321964703,0.453917986,0.919269299,0,0.413359148,0.453917986,0.358255668,26.24458874
0.652783421,0.915537223,0,0.354307841,0.652783421,0.321964703,0.453474197,0.919269299,0,0.413359148,0.453474197,0.358255668,0.622411693,0.911412296,0.001745201,0.395934172,0.622411693,0.240310032,24.48593074
0.453474197,0.919269299,0,0.413359148,0.453474197,0.358255668,0.622104835,0.911412296,0.001745201,0.395934172,0.622104835,0.240310032,0.580592773,0.739540365,0.151832461,0.716360116,0.580592773,0.220652426,22.18614719
0.622104835,0.911412296,0.001745201,0.395934172,0.622104835,0.240310032,0.58025193,0.739540365,0.151832461,0.716360116,0.58025193,0.220652426,0.252943565,0.713415832,0.005235602,0.745401742,0.252943565,0.194946326,23.0095991
0.58025193,0.739540365,0.151832461,0.716360116,0.58025193,0.220652426,0.252336449,0.713415832,0.005235602,0.745401742,0.252336449,0.194946326,0.154486399,0.751522294,0.001745201,0.634075508,0.154486399,0.204150557,33.54978355
0.252336449,0.713415832,0.005235602,0.745401742,0.252336449,0.194946326,0.153799269,0.751522294,0.001745201,0.634075508,0.153799269,0.204150557,0.322777101,0.869180907,0,0.34946757,0.322777101,0.321964703,50.05411255
0.153799269,0.751522294,0.001745201,0.634075508,0.153799269,0.204150557,0.322226737,0.869180907,0,0.34946757,0.322226737,0.321964703,0.281770199,0.872716559,0,0.499515973,0.281770199,0.506443774,45.72510823
0.322226737,0.869180907,0,0.34946757,0.322226737,0.321964703,0.28118651,0.872716559,0,0.499515973,0.28118651,0.506443774,0.262362972,0.910823021,0,0.415295257,0.262362972,0.458055821,41.26082251
0.28118651,0.872716559,0,0.499515973,0.28118651,0.506443774,0.261763511,0.910823021,0,0.415295257,0.261763511,0.458055821,0.248680471,0.915930073,0,0.430784124,0.248680471,0.408155745,41.12554113
0.261763511,0.910823021,0,0.415295257,0.261763511,0.458055821,0.24806989,0.915930073,0,0.430784124,0.24806989,0.408155745,0.299431587,0.811824789,0.890052356,0.666021297,0.299431587,0.406643621,20.56277056
0.24806989,0.915930073,0,0.430784124,0.24806989,0.408155745,0.298862251,0.811824789,0.890052356,0.666021297,0.298862251,0.406643621,0.699756395,0.884894913,0,0.467570184,0.699756395,0.176800844,25.83874459
0.298862251,0.811824789,0.890052356,0.666021297,0.298862251,0.406643621,0.699512393,0.884894913,0,0.467570184,0.699512393,0.176800844,0.778319123,0.940286781,0,0.333010649,0.778319123,0.235773662,31.92640693
0.699512393,0.884894913,0,0.467570184,0.699512393,0.176800844,0.778138968,0.940286781,0,0.333010649,0.778138968,0.235773662,0.719041819,0.959929287,0,0.328170378,0.719041819,0.303819221,30.43831169
0.778138968,0.940286781,0,0.333010649,0.778138968,0.235773662,0.71881349,0.959929287,0,0.328170378,0.71881349,0.303819221,0.825619164,0.970732665,0.001745201,0.273959342,0.825619164,0.287185862,33.45567476
0.71881349,0.959929287,0,0.328170378,0.71881349,0.303819221,0.825477448,0.970732665,0.001745201,0.273959342,0.825477448,0.287185862,0.622208689,0.970339815,0,0.305905131,0.622208689,0.320912791,32.06168831
0.825477448,0.970732665,0.001745201,0.273959342,0.825477448,0.287185862,0.621901666,0.970339815,0,0.305905131,0.621901666,0.320912791,0.699959399,0.972107641,0,0.308809293,0.699959399,0.305331344,34.86730661
0.621901666,0.970339815,0,0.305905131,0.621901666,0.320912791,0.699715563,0.972107641,0,0.308809293,0.699715563,0.305331344,0.614494519,0.962482813,0,0.298160697,0.614494519,0.336691472,26.10930736
0.699715563,0.972107641,0,0.308809293,0.699715563,0.305331344,0.614181227,0.962482813,0,0.298160697,0.614181227,0.336691472,0.69589931,0.965429189,0,0.286544046,0.69589931,0.238797909,28.93845285
0.614181227,0.962482813,0,0.298160697,0.614181227,0.336691472,0.695652174,0.965429189,0,0.286544046,0.695652174,0.238797909,0.490052781,0.98408957,0,0.298160697,0.490052781,0.270421014,31.65584416
0.695652174,0.965429189,0,0.286544046,0.695652174,0.238797909,0.489638358,0.98408957,0,0.298160697,0.489638358,0.270421014,0.532886724,0.963464938,0,0.359148112,0.532886724,0.300794974,32.46753247
0.489638358,0.98408957,0,0.298160697,0.489638358,0.270421014,0.532507111,0.963464938,0,0.359148112,0.532507111,0.300794974,0.438692651,0.951875859,0,0.391093901,0.438692651,0.309867715,28.54437229
0.532507111,0.963464938,0,0.359148112,0.532507111,0.300794974,0.438236489,0.951875859,0,0.391093901,0.438236489,0.309867715,0.318514007,0.839913573,0.146596859,0.561471442,0.318514007,0.266016132,33.14393939
0.438236489,0.951875859,0,0.391093901,0.438236489,0.309867715,0.317960179,0.839913573,0.146596859,0.561471442,0.317960179,0.266016132,0.486398701,0.928501277,0,0.409486931,0.486398701,0.317428333,28.40909091
0.317960179,0.839913573,0.146596859,0.561471442,0.317960179,0.266016132,0.485981308,0.928501277,0,0.409486931,0.485981308,0.317428333,0.459805116,0.912590847,0.076788831,0.435624395,0.459805116,0.264504009,32.74985884
0.485981308,0.928501277,0,0.409486931,0.485981308,0.317428333,0.459366111,0.912590847,0.076788831,0.435624395,0.459366111,0.264504009,0.406414941,0.905126694,0.055846422,0.488867377,0.406414941,0.313023451,32.02479339
0.459366111,0.912590847,0.076788831,0.435624395,0.459366111,0.264504009,0.405932548,0.905126694,0.055846422,0.488867377,0.405932548,0.313023451,0.458993098,0.905912394,0,0.528557599,0.458993098,0.304918947,27.73268398
0.405932548,0.905126694,0.055846422,0.488867377,0.405932548,0.313023451,0.458553434,0.905912394,0,0.528557599,0.458553434,0.304918947,0.24319935,0.820271067,0.155322862,0.656340755,0.24319935,0.256943391,25.43290043
0.458553434,0.905912394,0,0.528557599,0.458553434,0.304918947,0.242584315,0.820271067,0.155322862,0.656340755,0.242584315,0.256943391,0.205846529,0.736397564,0.640488656,0.7357212,0.205846529,0.231237291,32.87337662
0.242584315,0.820271067,0.155322862,0.656340755,0.242584315,0.256943391,0.205201138,0.736397564,0.640488656,0.7357212,0.205201138,0.231237291,0.344417377,0.859556079,0,0.526621491,0.344417377,0.314404086,35.44372294
0.205201138,0.736397564,0.640488656,0.7357212,0.205201138,0.231237291,0.3438846,0.859556079,0,0.526621491,0.3438846,0.314404086,0.459399107,0.925162051,0,0.417231365,0.459399107,0.343134433,33.17334839
0.3438846,0.859556079,0,0.526621491,0.3438846,0.314404086,0.458959772,0.925162051,0,0.417231365,0.458959772,0.343134433,0.537555826,0.912197996,0.001745201,0.437560503,0.537555826,0.317757055,37.87878788
0.458959772,0.925162051,0,0.417231365,0.458959772,0.343134433,0.537180008,0.912197996,0.001745201,0.437560503,0.537180008,0.317757055,0.533495737,0.932233353,0,0.399806389,0.533495737,0.370352656,34.09090909
0.537180008,0.912197996,0.001745201,0.437560503,0.537180008,0.317757055,0.533116619,0.932233353,0,0.399806389,0.533116619,0.370352656,0.442752741,0.917697898,0,0.484027106,0.442752741,0.328013197,27.5974026
0.533116619,0.932233353,0,0.399806389,0.533116619,0.370352656,0.442299878,0.917697898,0,0.484027106,0.442299878,0.328013197,0.649005278,0.930858378,0,0.42303969,0.649005278,0.255431268,27.05627706
0.442299878,0.917697898,0,0.484027106,0.442299878,0.328013197,0.648720033,0.930858378,0,0.42303969,0.648720033,0.255431268,0.515631344,0.945590257,0,0.373668925,0.515631344,0.249382774,31.65584416
0.648720033,0.930858378,0,0.42303969,0.648720033,0.255431268,0.515237708,0.945590257,0,0.373668925,0.515237708,0.249382774,0.587494925,0.966804164,0,0.320425944,0.587494925,0.300794974,33.14393939
0.515237708,0.945590257,0,0.373668925,0.515237708,0.249382774,0.587159691,0.966804164,0,0.320425944,0.587159691,0.300794974,0.537555826,0.936554704,0,0.369796709,0.537555826,0.317428333,30.3030303
0.587159691,0.966804164,0,0.320425944,0.587159691,0.300794974,0.537180008,0.936554704,0,0.369796709,0.537180008,0.317428333,0.300243605,0.987035946,0,0.285575992,0.300243605,0.285673738,39.5021645
0.537180008,0.936554704,0,0.369796709,0.537180008,0.317428333,0.299674929,0.987035946,0,0.285575992,0.299674929,0.285673738,0.469346326,0.990571597,0,0.238141336,0.469346326,0.388498139,34.16149068
0.299674929,0.987035946,0,0.285575992,0.299674929,0.285673738,0.468915075,0.990571597,0,0.238141336,0.468915075,0.388498139,0.223710922,0.96896484,0,0.303000968,0.223710922,0.328802131,41.66666667
0.468915075,0.990571597,0,0.238141336,0.468915075,0.388498139,0.223080049,0.96896484,0,0.303000968,0.223080049,0.328802131,0.552172148,0.935572579,0,0.487899322,0.552172148,0.412692115,26.37987013
0.223080049,0.96896484,0,0.303000968,0.223080049,0.328802131,0.551808208,0.935572579,0,0.487899322,0.551808208,0.412692115,0.565367438,0.939304655,0,0.365924492,0.565367438,0.241822156,21.50974026
0.551808208,0.935572579,0,0.487899322,0.551808208,0.412692115,0.565014222,0.939304655,0,0.365924492,0.565014222,0.241822156,0.542833942,0.95344726,0,0.304937076,0.542833942,0.187385709,18.93939394
0.565014222,0.939304655,0,0.365924492,0.565014222,0.241822156,0.542462414,0.95344726,0,0.304937076,0.542462414,0.187385709,0.393016646,0.968768415,0,0.348499516,0.393016646,0.158655362,35.8495671
0.542462414,0.95344726,0,0.304937076,0.542462414,0.187385709,0.392523364,0.968768415,0,0.348499516,0.392523364,0.158655362,0.338814454,0.900412493,0.230366492,0.497579864,0.338814454,0.347670803,28.40909091
0.392523364,0.968768415,0,0.348499516,0.392523364,0.158655362,0.338277123,0.900412493,0.230366492,0.497579864,0.338277123,0.347670803,0.281567194,0.842467099,0.109947644,0.522749274,0.281567194,0.264504009,30.70887446
0.338277123,0.900412493,0.230366492,0.497579864,0.338277123,0.347670803,0.28098334,0.842467099,0.109947644,0.522749274,0.28098334,0.264504009,0.291717418,0.869180907,0.001745201,0.476282672,0.291717418,0.290210109,35.17316017
0.28098334,0.842467099,0.109947644,0.522749274,0.28098334,0.264504009,0.291141812,0.869180907,0.001745201,0.476282672,0.291141812,0.290210109,0.248477467,0.925947751,0,0.406582769,0.248477467,0.340110186,31.8772137
0.291141812,0.869180907,0.001745201,0.476282672,0.291141812,0.290210109,0.247866721,0.925947751,0,0.406582769,0.247866721,0.340110186,0.402151847,0.864466706,0.102966841,0.534365924,0.402151847,0.303269358,30.43831169
0.247866721,0.925947751,0,0.406582769,0.247866721,0.340110186,0.401665989,0.864466706,0.102966841,0.534365924,0.401665989,0.303269358,0.529841657,0.962286388,0,0.33107454,0.529841657,0.287185862,23.80952381
0.401665989,0.864466706,0.102966841,0.534365924,0.401665989,0.303269358,0.529459569,0.962286388,0,0.33107454,0.529459569,0.287185862,0.46589525,0.855627578,0.062827225,0.530493708,0.46589525,0.213091809,25.16233766
0.529459569,0.962286388,0,0.33107454,0.529459569,0.287185862,0.465461195,0.855627578,0.062827225,0.530493708,0.465461195,0.213091809,0.312220869,0.783343155,0.808027923,0.605033882,0.312220869,0.228213044,24.70355731
0.465461195,0.855627578,0.062827225,0.530493708,0.465461195,0.213091809,0.311661926,0.783343155,0.808027923,0.605033882,0.311661926,0.228213044,0.209297605,0.779611078,0.066317627,0.589545015,0.209297605,0.223084973,19.82228298
0.311661926,0.783343155,0.808027923,0.605033882,0.311661926,0.228213044,0.208655018,0.779611078,0.066317627,0.589545015,0.208655018,0.223084973,0.245186657,0.824282273,0,0.514189637,0.245186657,0.168523957,9.259259259
0.208655018,0.779611078,0.066317627,0.589545015,0.208655018,0.223084973,0.244573237,0.824282273,0,0.514189637,0.244573237,0.168523957,0.125862769,0.92359065,0,0.342691191,0.125862769,0.050454522,6.764069264
0.244573237,0.824282273,0,0.514189637,0.244573237,0.168523957,0.125152377,0.92359065,0,0.342691191,0.125152377,0.050454522,0.110840438,0.909055195,0,0.34946757,0.110840438,0.022564243,6.222943723
0.125152377,0.92359065,0,0.342691191,0.125152377,0.050454522,0.110117838,0.909055195,0,0.34946757,0.110117838,0.022564243,0.110840438,0.973679041,0,0.261374637,0.110840438,0.016515749,7.407407407
0.110117838,0.909055195,0,0.34946757,0.110117838,0.022564243,0.110117838,0.973679041,0,0.261374637,0.110117838,0.016515749,0.165042631,0.972500491,0,0.236205227,0.165042631,0.029755231,12.31060606
0.110117838,0.973679041,0,0.261374637,0.110117838,0.016515749,0.16436408,0.972500491,0,0.236205227,0.16436408,0.029755231,0.179252944,0.894716166,0.015706806,0.454985479,0.179252944,0.084561308,14.25748165
0.16436408,0.972500491,0,0.236205227,0.16436408,0.029755231,0.178585941,0.894716166,0.015706806,0.454985479,0.178585941,0.084561308,0.686967113,0.687291298,0.916230366,0.857599226,0.686967113,0.106322738,33.68506494
0.178585941,0.894716166,0.015706806,0.454985479,0.178585941,0.084561308,0.686712718,0.687291298,0.916230366,0.857599226,0.686712718,0.106322738,0.394234673,0.767629149,0.277486911,0.686737657,0.394234673,0.323476827,24.48593074
0.686712718,0.687291298,0.916230366,0.857599226,0.686712718,0.106322738,0.393742381,0.767629149,0.277486911,0.686737657,0.393742381,0.323476827,0.04364596,0.858573954,0.001745201,0.513649564,0.04364596,0.220652426,34.09090909
0.393742381,0.767629149,0.277486911,0.686737657,0.393742381,0.323476827,0.042868753,0.858573954,0.001745201,0.513649564,0.042868753,0.220652426,0.193869265,0.937733255,0,0.343852856,0.193869265,0.328013197,38.41991342
0.042868753,0.858573954,0.001745201,0.513649564,0.042868753,0.220652426,0.193214141,0.937733255,0,0.343852856,0.193214141,0.328013197,0.267965895,0.940876056,0,0.357212004,0.267965895,0.37640115,34.22619048
0.193214141,0.937733255,0,0.343852856,0.193214141,0.328013197,0.267370987,0.940876056,0,0.357212004,0.267370987,0.37640115,0.247665449,0.92201925,0,0.403291384,0.247665449,0.329525321,24.89177489
0.267370987,0.940876056,0,0.357212004,0.267370987,0.37640115,0.247054043,0.92201925,0,0.403291384,0.247054043,0.329525321,0.352821762,0.909448046,0,0.361084221,0.352821762,0.225188797,33.83458647
0.247054043,0.92201925,0,0.403291384,0.247054043,0.329525321,0.352295815,0.909448046,0,0.361084221,0.352295815,0.225188797,0.480227365,0.834492241,0.064572426,0.623349468,0.480227365,0.325148121,26.24458874
0.352295815,0.909448046,0,0.361084221,0.352295815,0.225188797,0.479804957,0.834492241,0.064572426,0.623349468,0.479804957,0.325148121,0.401745838,0.776271852,0.141361257,0.710551791,0.401745838,0.240310032,30.03246753
0.479804957,0.834492241,0.064572426,0.623349468,0.479804957,0.325148121,0.401259651,0.776271852,0.141361257,0.710551791,0.401259651,0.240310032,0.439910678,0.837752897,0.07504363,0.599225557,0.439910678,0.282649491,33.54978355
0.401259651,0.776271852,0.141361257,0.710551791,0.401259651,0.240310032,0.439455506,0.837752897,0.07504363,0.599225557,0.439455506,0.282649491,0.391189606,0.863877431,0.073298429,0.537270087,0.391189606,0.321964703,17.18073593
0.439455506,0.837752897,0.07504363,0.599225557,0.439455506,0.282649491,0.390694839,0.863877431,0.073298429,0.537270087,0.390694839,0.321964703,0.280146163,0.854056178,0.089005236,0.48499516,0.280146163,0.138997756,26.92099567
0.390694839,0.863877431,0.073298429,0.537270087,0.390694839,0.321964703,0.279561154,0.854056178,0.089005236,0.48499516,0.279561154,0.138997756,0.394234673,0.860538205,0,0.442400774,0.394234673,0.24787065,34.36147186
0.279561154,0.854056178,0.089005236,0.48499516,0.279561154,0.138997756,0.393742381,0.860538205,0,0.442400774,0.393742381,0.24787065,0.27771011,0.890394814,0,0.410454985,0.27771011,0.331037444,6.764069264
0.393742381,0.860538205,0,0.442400774,0.393742381,0.24787065,0.277123121,0.890394814,0,0.410454985,0.277123121,0.331037444,0.107592367,0.9239835,0,0.31945789,0.107592367,0.022564243,4.74537037
0.277123121,0.890394814,0,0.410454985,0.277123121,0.331037444,0.106867127,0.9239835,0,0.31945789,0.106867127,0.022564243,0.107998376,0.92201925,0,0.31945789,0.107998376,0,44.1017316
0.106867127,0.9239835,0,0.31945789,0.106867127,0.022564243,0.107273466,0.92201925,0,0.31945789,0.107273466,0,0.124644742,0.95344726,0,0.237173282,0.124644742,0.439910339,66.55555556
0.107273466,0.92201925,0,0.31945789,0.107273466,0,0.12393336,0.95344726,0,0.237173282,0.12393336,0.439910339,0.120584653,0.952072284,0,0.251694095,0.120584653,0.690890587,66.55555556
0.12393336,0.95344726,0,0.237173282,0.12393336,0.439910339,0.119869972,0.952072284,0,0.251694095,0.119869972,0.690890587,0.1045473,0.929679827,0,0.329138432,0.1045473,0.690890587,66.55555556
0.119869972,0.952072284,0,0.251694095,0.119869972,0.690890587,0.103819586,0.929679827,0,0.329138432,0.103819586,0.690890587,0.254770605,0.750147319,0.211169284,0.714424008,0.254770605,0.690890587,66.55555556
0.103819586,0.929679827,0,0.329138432,0.103819586,0.690890587,0.254164974,0.750147319,0.211169284,0.714424008,0.254164974,0.690890587,0.996548924,0.83127087,0.040139616,0.500484027,0.996548924,0.690890587,38.23953824
0.254164974,0.750147319,0.211169284,0.714424008,0.254164974,0.690890587,0.996546119,0.83127087,0.040139616,0.500484027,0.996546119,0.690890587,1,0.952072284,0,0.338818974,1,0.374384986,40.04329004
0.996546119,0.83127087,0.040139616,0.500484027,0.996546119,0.690890587,1,0.952072284,0,0.338818974,1,0.374384986,0.969752335,1,0,0.290416263,0.969752335,0.394546633,33.82034632
1,0.952072284,0,0.338818974,1,0.374384986,0.969727753,1,0,0.290416263,0.969727753,0.394546633,0.533698741,0.917894323,0,0.390125847,0.533698741,0.32498895,25.56818182
0.969727753,1,0,0.290416263,0.969727753,0.394546633,0.533319789,0.917894323,0,0.390125847,0.533319789,0.32498895,0.17316281,0.75368297,0.783595113,0.694094869,0.17316281,0.232749415,25.7034632
0.533319789,0.917894323,0,0.390125847,0.533319789,0.32498895,0.172490857,0.75368297,0.783595113,0.694094869,0.172490857,0.232749415,0.242184328,0.8456099,0,0.555663117,0.242184328,0.234261538,25.02705628
0.172490857,0.75368297,0.783595113,0.694094869,0.172490857,0.232749415,0.241568468,0.8456099,0,0.555663117,0.241568468,0.234261538,0.167681689,0.863288156,0,0.561471442,0.167681689,0.226700921,14.745671
0.241568468,0.8456099,0,0.555663117,0.241568468,0.234261538,0.167005282,0.863288156,0,0.561471442,0.167005282,0.226700921,0.076126675,0.920054999,0,0.473378509,0.076126675,0.111779532,31.47939018
0.167005282,0.863288156,0,0.561471442,0.167005282,0.226700921,0.075375863,0.920054999,0,0.473378509,0.075375863,0.111779532,0.335566382,0.821449617,0.106457243,0.622458858,0.335566382,0.298822639,49.78354978
0.075375863,0.920054999,0,0.473378509,0.075375863,0.111779532,0.335026412,0.821449617,0.106457243,0.622458858,0.335026412,0.298822639,0.927324401,0.826753094,0.097731239,0.534365924,0.927324401,0.503419527,58.02160494
0.335026412,0.821449617,0.106457243,0.622458858,0.335026412,0.298822639,0.927265339,0.826753094,0.097731239,0.534365924,0.927265339,0.503419527,0.619569631,0.947947358,0,0.311713456,0.619569631,0.595501354,52.83641975
0.927265339,0.826753094,0.097731239,0.534365924,0.927265339,0.503419527,0.619260463,0.947947358,0,0.311713456,0.619260463,0.595501354,0.454527,0.793950108,0.291448517,0.622458858,0.454527,0.537543339,49.78354978
0.619260463,0.947947358,0,0.311713456,0.619260463,0.595501354,0.454083706,0.793950108,0.291448517,0.622458858,0.454083706,0.537543339,0.120178644,0.83048517,0,0.548886738,0.120178644,0.503419527,51.32407407
0.454083706,0.793950108,0.291448517,0.622458858,0.454083706,0.537543339,0.119463633,0.83048517,0,0.548886738,0.119463633,0.503419527,0.355054811,0.821253192,0,0.326234269,0.355054811,0.520638918,57.37345679
0.119463633,0.83048517,0,0.548886738,0.119463633,0.503419527,0.354530679,0.821253192,0,0.326234269,0.354530679,0.520638918,0.791717418,0.782950304,0,0.154888674,0.791717418,0.588256602,63.25589226
0.354530679,0.821253192,0,0.326234269,0.354530679,0.520638918,0.791548151,0.782950304,0,0.154888674,0.791548151,0.588256602,0.210312627,0.752111569,0.027923211,0.127783156,0.210312627,0.654008214,80.34343434
0.791548151,0.782950304,0,0.154888674,0.791548151,0.588256602,0.209670866,0.752111569,0.027923211,0.127783156,0.209670866,0.654008214,0.398294762,0.702612453,0.015706806,0.362052275,0.398294762,0.845006218,67.38047138
0.209670866,0.752111569,0.027923211,0.127783156,0.209670866,0.654008214,0.39780577,0.702612453,0.015706806,0.362052275,0.39780577,0.845006218,0.318717012,0.627774504,0.122164049,0.488867377,0.318717012,0.70011118,63.96296296
0.39780577,0.702612453,0.015706806,0.362052275,0.39780577,0.845006218,0.318163348,0.627774504,0.122164049,0.488867377,0.318163348,0.70011118,0.222492895,0.610685523,0.034904014,0.62536302,0.222492895,0.66191158,57.2654321
0.318163348,0.627774504,0.122164049,0.488867377,0.318163348,0.70011118,0.221861032,0.610685523,0.034904014,0.62536302,0.221861032,0.66191158,0.485692598,0.724723083,0,0.456079801,0.485692598,0.587049144,37.74350649
0.221861032,0.610685523,0.034904014,0.62536302,0.221861032,0.66191158,0.485274632,0.724723083,0,0.456079801,0.485274632,0.587049144,0.233252132,0.756040071,0.029668412,0.647628267,0.233252132,0.368840533,28.24074074
0.485274632,0.724723083,0,0.456079801,0.485274632,0.587049144,0.232629013,0.756040071,0.029668412,0.647628267,0.232629013,0.368840533,0.091555014,0.698880377,0.003490401,0.749273959,0.091555014,0.262622255,28.24074074
0.232629013,0.756040071,0.029668412,0.647628267,0.232629013,0.368840533,0.090816741,0.698880377,0.003490401,0.749273959,0.090816741,0.262622255,0.097618669,0.805932037,0,0.59535334,0.097618669,0.262622255,35.17316017
0.090816741,0.698880377,0.003490401,0.749273959,0.090816741,0.262622255,0.096885324,0.805932037,0,0.59535334,0.096885324,0.262622255,0.28136419,0.880769986,0,0.528557599,0.28136419,0.340110186,43.96645022
0.096885324,0.805932037,0,0.59535334,0.096885324,0.262622255,0.280780171,0.880769986,0,0.528557599,0.280780171,0.340110186,0.272431994,0.929876252,0,0.511132623,0.272431994,0.438398215,48.43073593
0.280780171,0.880769986,0,0.528557599,0.280780171,0.340110186,0.271840715,0.929876252,0,0.511132623,0.271840715,0.438398215,0.233049127,0.941072481,0,0.413359148,0.233049127,0.488298292,46.53679654
0.271840715,0.929876252,0,0.511132623,0.271840715,0.438398215,0.232425843,0.941072481,0,0.413359148,0.232425843,0.488298292,0.181892002,0.871734433,0.116928447,0.514036786,0.181892002,0.467128563,29.08549784
0.232425843,0.941072481,0,0.413359148,0.232425843,0.488298292,0.181227143,0.871734433,0.116928447,0.514036786,0.181227143,0.467128563,0.505481121,0.853663327,0,0.484027106,0.505481121,0.272064627,21.50974026
0.181227143,0.871734433,0.116928447,0.514036786,0.181227143,0.467128563,0.505079236,0.853663327,0,0.484027106,0.505079236,0.272064627,0.226958993,0.712630132,0.019197208,0.727976767,0.226958993,0.187385709,34.36147186
0.505079236,0.853663327,0,0.484027106,0.505079236,0.272064627,0.22633076,0.712630132,0.019197208,0.727976767,0.22633076,0.187385709,0.040397889,0.719112159,0,0.495643756,0.040397889,0.331037444,32.91027155
0.22633076,0.712630132,0.019197208,0.727976767,0.22633076,0.187385709,0.039618041,0.719112159,0,0.495643756,0.039618041,0.331037444,0.098863175,0.715380082,0,0.347531462,0.098863175,0.314816483,31.38528139
0.039618041,0.719112159,0,0.495643756,0.039618041,0.331037444,0.098130841,0.715380082,0,0.347531462,0.098130841,0.314816483,0.125050751,0.743076016,0,0.353339787,0.125050751,0.297770727,20.42748918
0.098130841,0.715380082,0,0.347531462,0.098130841,0.314816483,0.124339699,0.743076016,0,0.353339787,0.124339699,0.297770727,0.1636216,0.631703005,0.10122164,0.761858664,0.1636216,0.17528872,45.31926407
0.124339699,0.743076016,0,0.353339787,0.124339699,0.297770727,0.162941894,0.631703005,0.10122164,0.761858664,0.162941894,0.17528872,0.275680065,0.55313298,0.010471204,0.767666989,0.275680065,0.453519451,33.68506494
0.162941894,0.631703005,0.10122164,0.761858664,0.162941894,0.17528872,0.275091426,0.55313298,0.010471204,0.767666989,0.275091426,0.453519451,0.116727568,0.550579454,0.029668412,0.7357212,0.116727568,0.323476827,18.66883117
0.275091426,0.55313298,0.010471204,0.767666989,0.275091426,0.453519451,0.116009752,0.550579454,0.029668412,0.7357212,0.116009752,0.323476827,0.08952497,0.46120605,0.27574171,0.960309777,0.08952497,0.155631114,16.23376623
0.116009752,0.550579454,0.029668412,0.7357212,0.116009752,0.323476827,0.088785047,0.46120605,0.27574171,0.960309777,0.088785047,0.155631114,0.127892814,0.505794539,0.130890052,0.955469506,0.127892814,0.128412891,26.51515152
0.088785047,0.46120605,0.27574171,0.960309777,0.088785047,0.155631114,0.127184072,0.505794539,0.130890052,0.955469506,0.127184072,0.128412891,0.114697523,0.603221371,0.005235602,0.645692159,0.114697523,0.243334279,35.29079616
0.127184072,0.505794539,0.130890052,0.955469506,0.127184072,0.128412891,0.113978058,0.603221371,0.005235602,0.645692159,0.113978058,0.243334279,0.290093382,0.468866627,0.036649215,0.80929332,0.290093382,0.341425076,43.1547619
0.113978058,0.603221371,0.005235602,0.645692159,0.113978058,0.243334279,0.289516457,0.468866627,0.036649215,0.80929332,0.289516457,0.341425076,0.16910272,0.617363976,0,0.501452081,0.16910272,0.429325474,44.1017316
0.289516457,0.468866627,0.036649215,0.80929332,0.289516457,0.341425076,0.168427469,0.617363976,0,0.501452081,0.168427469,0.429325474,0.045879009,0.715772933,0,0.515972894,0.045879009,0.439910339,24.35064935
0.168427469,0.617363976,0,0.501452081,0.168427469,0.429325474,0.045103616,0.715772933,0,0.515972894,0.045103616,0.439910339,0.147381242,0.790021607,0,0.405614714,0.147381242,0.219140303,26.10930736
0.045103616,0.715772933,0,0.515972894,0.045103616,0.439910339,0.146688338,0.790021607,0,0.405614714,0.146688338,0.219140303,0.115103532,0.808681988,0,0.384317522,0.115103532,0.238797909,36.56126482
0.146688338,0.790021607,0,0.405614714,0.146688338,0.219140303,0.114384397,0.808681988,0,0.384317522,0.114384397,0.238797909,0.060698335,0.565114909,0.013961606,0.810261375,0.060698335,0.355625888,35.8495671
0.114384397,0.808681988,0,0.384317522,0.114384397,0.238797909,0.059934986,0.565114909,0.013961606,0.810261375,0.059934986,0.355625888,0.089727974,0.544097427,0,0.559535334,0.089727974,0.347670803,33.41450216
0.059934986,0.565114909,0.013961606,0.810261375,0.059934986,0.355625888,0.088988216,0.544097427,0,0.559535334,0.088988216,0.347670803,0.074502639,0.580632489,0,0.453049371,0.074502639,0.32045258,40.31385281
0.088988216,0.544097427,0,0.559535334,0.088988216,0.347670803,0.073750508,0.580632489,0,0.453049371,0.073750508,0.32045258,0.204425497,0.577096838,0.006980803,0.535333979,0.204425497,0.39757088,36.39069264
0.073750508,0.580632489,0,0.453049371,0.073750508,0.32045258,0.203778952,0.577096838,0.006980803,0.535333979,0.203778952,0.39757088,0.266138855,0.493223335,0.006980803,0.749273959,0.266138855,0.353719297,32.73809524
0.203778952,0.577096838,0.006980803,0.535333979,0.203778952,0.39757088,0.265542462,0.493223335,0.006980803,0.749273959,0.265542462,0.353719297,0.142915144,0.523472795,0,0.740561471,0.142915144,0.312891962,16.504329
0.265542462,0.493223335,0.006980803,0.749273959,0.265542462,0.353719297,0.14221861,0.523472795,0,0.740561471,0.14221861,0.312891962,0.061510353,0.590257317,0.027923211,0.840271055,0.061510353,0.131437138,14.61038961
0.14221861,0.523472795,0,0.740561471,0.14221861,0.312891962,0.060747664,0.590257317,0.027923211,0.840271055,0.060747664,0.131437138,0.017458384,0.648595561,0.033158813,0.859632139,0.017458384,0.110267408,26.24458874
0.060747664,0.590257317,0.027923211,0.840271055,0.060747664,0.131437138,0.016659894,0.648595561,0.033158813,0.859632139,0.016659894,0.110267408,0.026593585,0.593989393,0.027923211,0.909002904,0.026593585,0.240310032,40.04329004
0.016659894,0.648595561,0.033158813,0.859632139,0.016659894,0.110267408,0.025802519,0.593989393,0.027923211,0.909002904,0.025802519,0.240310032,0.050548112,0.619721076,0,0.700871249,0.050548112,0.394546633,39.40377804
0.025802519,0.593989393,0.027923211,0.909002904,0.025802519,0.240310032,0.049776514,0.619721076,0,0.700871249,0.049776514,0.394546633,0.058059277,0.621488902,0.001745201,0.660212972,0.058059277,0.387398413,42.74891775
0.049776514,0.619721076,0,0.700871249,0.049776514,0.394546633,0.057293783,0.621488902,0.001745201,0.660212972,0.057293783,0.387398413,0.02679659,0.59968572,0.015706806,0.773475315,0.02679659,0.424789104,31.52056277
0.057293783,0.621488902,0.001745201,0.660212972,0.057293783,0.387398413,0.026005689,0.59968572,0.015706806,0.773475315,0.026005689,0.424789104,0.078765733,0.510901591,0.003490401,0.747337851,0.078765733,0.29928285,38.96103896
0.026005689,0.59968572,0.015706806,0.773475315,0.026005689,0.424789104,0.078017066,0.510901591,0.003490401,0.747337851,0.078017066,0.29928285,0.092773041,0.457670399,0.003490401,0.867376573,0.092773041,0.382449645,43.96645022
0.078017066,0.510901591,0.003490401,0.747337851,0.078017066,0.29928285,0.092035758,0.457670399,0.003490401,0.867376573,0.092035758,0.382449645,0.106171336,0.4600275,0.003490401,0.786060019,0.106171336,0.438398215,43.05477132
0.092035758,0.457670399,0.003490401,0.867376573,0.092035758,0.382449645,0.105444941,0.4600275,0.003490401,0.786060019,0.105444941,0.438398215,0.063540398,0.538597525,0.005235602,0.77928364,0.063540398,0.428207818,20.96861472
0.105444941,0.4600275,0.003490401,0.786060019,0.105444941,0.438398215,0.062779358,0.538597525,0.005235602,0.77928364,0.062779358,0.428207818,0.019691433,0.656452563,0.017452007,0.879961278,0.019691433,0.181337215,19.3452381
0.062779358,0.538597525,0.005235602,0.77928364,0.062779358,0.428207818,0.018894758,0.656452563,0.017452007,0.879961278,0.018894758,0.181337215,0.236297199,0.52327637,0.013961606,0.831558567,0.236297199,0.163191732,66.98765432
0.018894758,0.656452563,0.017452007,0.879961278,0.018894758,0.181337215,0.235676554,0.52327637,0.013961606,0.831558567,0.235676554,0.163191732,0.218026797,0.438224317,0.031413613,0.712487899,0.218026797,0.695720422,45.0487013
0.235676554,0.52327637,0.013961606,0.831558567,0.235676554,0.163191732,0.217391304,0.438224317,0.031413613,0.712487899,0.217391304,0.695720422,0.10089322,0.500491063,0,0.344627299,0.10089322,0.450495204,22.72727273
0.217391304,0.438224317,0.031413613,0.712487899,0.217391304,0.695720422,0.100162536,0.500491063,0,0.344627299,0.100162536,0.450495204,0.080592773,0.581811039,0,0.406582769,0.080592773,0.20099482,26.24458874
0.100162536,0.500491063,0,0.344627299,0.100162536,0.450495204,0.079845591,0.581811039,0,0.406582769,0.079845591,0.20099482,0.069427527,0.661559615,0,0.380445305,0.069427527,0.240310032,37.33766234
0.079845591,0.581811039,0,0.406582769,0.079845591,0.20099482,0.068671272,0.661559615,0,0.380445305,0.068671272,0.240310032,0.076938693,0.675898645,0,0.418199419,0.076938693,0.364304162,47.754329
0.068671272,0.661559615,0,0.380445305,0.068671272,0.240310032,0.076188541,0.675898645,0,0.418199419,0.076188541,0.364304162,0.085667885,0.683559222,0,0.523717328,0.085667885,0.480737674,42.91360813
0.076188541,0.675898645,0,0.418199419,0.076188541,0.364304162,0.084924827,0.683559222,0,0.523717328,0.084924827,0.480737674,0.063743402,0.608917698,0,0.620522749,0.063743402,0.42662995,46.26623377
0.084924827,0.683559222,0,0.523717328,0.084924827,0.480737674,0.062982527,0.608917698,0,0.620522749,0.062982527,0.42662995,0.083231831,0.533097623,0,0.394966118,0.083231831,0.464104315,35.03787879
0.062982527,0.608917698,0,0.620522749,0.062982527,0.42662995,0.082486794,0.533097623,0,0.394966118,0.082486794,0.464104315,0.098457166,0.539383225,0,0.353339787,0.098457166,0.338598062,35.03787879
0.082486794,0.533097623,0,0.394966118,0.082486794,0.464104315,0.097724502,0.539383225,0,0.353339787,0.097724502,0.338598062,0.097645148,0.636613632,0,0.492739593,0.097645148,0.338598062,35.71428571
0.097724502,0.539383225,0,0.353339787,0.097724502,0.338598062,0.096911824,0.636613632,0,0.492739593,0.096911824,0.338598062,0.04364596,0.601649971,0.001745201,0.512100678,0.04364596,0.34615868,84.16358025
0.096911824,0.636613632,0,0.492739593,0.096911824,0.338598062,0.042868753,0.601649971,0.001745201,0.512100678,0.042868753,0.34615868,0.053999188,0.455116873,0.003490401,0.531461762,0.053999188,0.887706346,40.85497835
0.042868753,0.601649971,0.001745201,0.512100678,0.042868753,0.34615868,0.053230394,0.455116873,0.003490401,0.531461762,0.053230394,0.887706346,0.121396671,0.454527598,0,0.403678606,0.121396671,0.403619374,30.49124788
0.053230394,0.455116873,0.003490401,0.531461762,0.053230394,0.887706346,0.120682649,0.454527598,0,0.403678606,0.120682649,0.403619374,0.10272026,0.527597721,0,0.584704743,0.10272026,0.287777562,13.52813853
0.120682649,0.454527598,0,0.403678606,0.120682649,0.403619374,0.101991061,0.527597721,0,0.584704743,0.101991061,0.287777562,0.077547706,0.710862306,0.005235602,0.677637948,0.077547706,0.09817042,30.97943723
0.101991061,0.527597721,0,0.584704743,0.101991061,0.287777562,0.07679805,0.710862306,0.005235602,0.677637948,0.07679805,0.09817042,0.228380024,0.745629542,0,0.538238141,0.228380024,0.293234356,44.50757576
0.07679805,0.710862306,0.005235602,0.677637948,0.07679805,0.09817042,0.227752946,0.745629542,0,0.538238141,0.227752946,0.293234356,0.102923264,0.443331369,0.006980803,0.79090029,0.102923264,0.44444671,51.75617284
0.227752946,0.745629542,0,0.538238141,0.227752946,0.293234356,0.10219423,0.443331369,0.006980803,0.79090029,0.10219423,0.44444671,0.119163622,0.41583186,0,0.54017425,0.119163622,0.525468753,28.79728967
0.10219423,0.443331369,0.006980803,0.79090029,0.10219423,0.44444671,0.118447785,0.41583186,0,0.54017425,0.118447785,0.525468753,0.122005684,0.404439206,0.003490401,0.627299129,0.122005684,0.268843146,36.52597403
0.118447785,0.41583186,0,0.54017425,0.118447785,0.525468753,0.121292158,0.404439206,0.003490401,0.627299129,0.121292158,0.268843146,0.057653268,0.504812414,0,0.3678606,0.057653268,0.355231421,38.41991342
0.121292158,0.404439206,0.003490401,0.627299129,0.121292158,0.268843146,0.056887444,0.504812414,0,0.3678606,0.056887444,0.355231421,0.075517661,0.501866038,0.010471204,0.692158761,0.075517661,0.37640115,37.06709957
0.056887444,0.504812414,0,0.3678606,0.056887444,0.355231421,0.074766355,0.501866038,0.010471204,0.692158761,0.074766355,0.37640115,0.084652862,0.487919859,0.111692845,0.910939013,0.084652862,0.361279915,34.09090909
0.074766355,0.501866038,0.010471204,0.692158761,0.074766355,0.37640115,0.08390898,0.487919859,0.111692845,0.910939013,0.08390898,0.361279915,0.092367032,0.496955412,0.034904014,0.700871249,0.092367032,0.328013197,32.06168831
0.08390898,0.487919859,0.111692845,0.910939013,0.08390898,0.361279915,0.091629419,0.496955412,0.034904014,0.700871249,0.091629419,0.328013197,0.101502233,0.643095659,0,0.48499516,0.101502233,0.305331344,21.91558442
0.091629419,0.496955412,0.034904014,0.700871249,0.091629419,0.328013197,0.100772044,0.643095659,0,0.48499516,0.100772044,0.305331344,0.075314657,0.649774111,0,0.530493708,0.075314657,0.191922079,23.53896104
0.100772044,0.643095659,0,0.48499516,0.100772044,0.305331344,0.074563186,0.649774111,0,0.530493708,0.074563186,0.191922079,0.063540398,0.682773522,0,0.453049371,0.063540398,0.210067562,33.41450216
0.074563186,0.649774111,0,0.530493708,0.074563186,0.191922079,0.062779358,0.682773522,0,0.453049371,0.062779358,0.210067562,0.1500203,0.727362011,0,0.453049371,0.1500203,0.32045258,42.63128176
0.062779358,0.682773522,0,0.453049371,0.062779358,0.210067562,0.149329541,0.727362011,0,0.453049371,0.149329541,0.32045258,0.21274868,0.735611864,0,0.439496612,0.21274868,0.423474214,42.74891775
0.149329541,0.727362011,0,0.453049371,0.149329541,0.32045258,0.212108899,0.735611864,0,0.439496612,0.212108899,0.423474214,0.134794965,0.670202318,0,0.652468538,0.134794965,0.424789104,30.3030303
0.212108899,0.735611864,0,0.439496612,0.212108899,0.423474214,0.134091833,0.670202318,0,0.652468538,0.134091833,0.424789104,0.041412911,0.58377529,0.012216405,0.883833495,0.041412911,0.285673738,29.35606061
0.134091833,0.670202318,0,0.652468538,0.134091833,0.424789104,0.040633889,0.58377529,0.012216405,0.883833495,0.040633889,0.285673738,0.322777101,0.613828324,0,0.71732817,0.322777101,0.275088874,23.99774139
0.040633889,0.58377529,0.012216405,0.883833495,0.040633889,0.285673738,0.322226737,0.613828324,0,0.71732817,0.322226737,0.275088874,0.069021518,0.47750933,0.003490401,0.815101646,0.069021518,0.215195633,35.71428571
0.322226737,0.613828324,0,0.71732817,0.322226737,0.275088874,0.068264933,0.47750933,0.003490401,0.815101646,0.068264933,0.215195633,0.069630532,0.534276174,0,0.653436592,0.069630532,0.34615868,26.24458874
0.068264933,0.47750933,0.003490401,0.815101646,0.068264933,0.215195633,0.068874441,0.534276174,0,0.653436592,0.068874441,0.34615868,0.060495331,0.648595561,0,0.547918683,0.060495331,0.240310032,32.1969697
0.068874441,0.534276174,0,0.653436592,0.068874441,0.34615868,0.059731816,0.648595561,0,0.547918683,0.059731816,0.240310032,0.074908648,0.703987429,0,0.399806389,0.074908648,0.306843468,39.23160173
0.059731816,0.648595561,0,0.547918683,0.059731816,0.240310032,0.074156847,0.703987429,0,0.399806389,0.074156847,0.306843468,0.02862363,0.528776272,0.005235602,0.669893514,0.02862363,0.385473892,22.45670996
0.074156847,0.703987429,0,0.399806389,0.074156847,0.306843468,0.027834214,0.528776272,0.005235602,0.669893514,0.027834214,0.385473892,0.052984166,0.435474367,0.006980803,0.767666989,0.052984166,0.197970573,22.0508658
0.027834214,0.528776272,0.005235602,0.669893514,0.027834214,0.385473892,0.052214547,0.435474367,0.006980803,0.767666989,0.052214547,0.197970573,0.063540398,0.377725398,0.012216405,0.836398838,0.063540398,0.193434203,26.51515152
0.052214547,0.435474367,0.006980803,0.767666989,0.052214547,0.197970573,0.062779358,0.377725398,0.012216405,0.836398838,0.062779358,0.193434203,0.082013804,0.368689845,0.022687609,0.818005808,0.082013804,0.243334279,34.58498024
0.062779358,0.377725398,0.012216405,0.836398838,0.062779358,0.193434203,0.081267777,0.368689845,0.022687609,0.818005808,0.081267777,0.243334279,0.061916362,0.361029267,0.139616056,0.907066796,0.061916362,0.333535735,30.03246753
0.081267777,0.368689845,0.022687609,0.818005808,0.081267777,0.243334279,0.061154002,0.361029267,0.139616056,0.907066796,0.061154002,0.333535735,0.063946407,0.353957965,0.104712042,0.751210068,0.063946407,0.282649491,27.32683983
0.061154002,0.361029267,0.139616056,0.907066796,0.061154002,0.333535735,0.063185697,0.353957965,0.104712042,0.751210068,0.063185697,0.282649491,0.113276492,0.237477902,0.027923211,0.848015489,0.113276492,0.252407021,22.86255411
0.063185697,0.353957965,0.104712042,0.751210068,0.063185697,0.282649491,0.112555872,0.237477902,0.027923211,0.848015489,0.112555872,0.252407021,0.088103938,0.224710273,0.045375218,0.933204259,0.088103938,0.202506944,25.43290043
0.112555872,0.237477902,0.027923211,0.848015489,0.112555872,0.252407021,0.087362861,0.224710273,0.045375218,0.933204259,0.087362861,0.202506944,0.08363784,0.273816539,0.005235602,0.890609874,0.08363784,0.231237291,15.10446076
0.087362861,0.224710273,0.045375218,0.933204259,0.087362861,0.202506944,0.082893133,0.273816539,0.005235602,0.890609874,0.082893133,0.231237291,0.068818514,0.361618543,0.005235602,0.923523717,0.068818514,0.115789947,14.20454545
0.082893133,0.273816539,0.005235602,0.890609874,0.082893133,0.231237291,0.068061764,0.361618543,0.005235602,0.923523717,0.068061764,0.115789947,0.086276898,0.404046356,0.010471204,0.952565344,0.086276898,0.105731038,13.7987013
0.068061764,0.361618543,0.005235602,0.923523717,0.068061764,0.115789947,0.085534336,0.404046356,0.010471204,0.952565344,0.085534336,0.105731038,0.100081202,0.328815557,0.033158813,0.948693127,0.100081202,0.101194667,15.69264069
0.085534336,0.404046356,0.010471204,0.952565344,0.085534336,0.105731038,0.099349858,0.328815557,0.033158813,0.948693127,0.099349858,0.101194667,0.075720666,0.364564918,0.165794066,0.978702807,0.075720666,0.122364397,19.3452381
0.099349858,0.328815557,0.033158813,0.948693127,0.099349858,0.101194667,0.074969525,0.364564918,0.165794066,0.978702807,0.074969525,0.122364397,0.254973609,0.440581418,0.017452007,0.946757018,0.254973609,0.163191732,17.64539808
0.074969525,0.364564918,0.165794066,0.978702807,0.074969525,0.122364397,0.254368143,0.440581418,0.017452007,0.946757018,0.254368143,0.163191732,0.113479497,0.420546062,0.07504363,0.937076476,0.113479497,0.144191571,72.49691358
0.254368143,0.440581418,0.017452007,0.946757018,0.254368143,0.163191732,0.112759041,0.420546062,0.07504363,0.937076476,0.112759041,0.144191571,0.127486805,0.388725201,0,0.738625363,0.127486805,0.757300812,78.76234568
0.112759041,0.420546062,0.07504363,0.937076476,0.112759041,0.144191571,0.126777733,0.388725201,0,0.738625363,0.126777733,0.757300812,0.290093382,0.417403261,0,0.631171346,0.290093382,0.827333414,28.27380952
0.126777733,0.388725201,0,0.738625363,0.126777733,0.757300812,0.289516457,0.417403261,0,0.631171346,0.289516457,0.827333414,0.056638246,0.298566097,0.003490401,0.838334947,0.056638246,0.262991885,19.19819311
0.289516457,0.417403261,0,0.631171346,0.289516457,0.827333414,0.055871597,0.298566097,0.003490401,0.838334947,0.055871597,0.262991885,0.069021518,0.17069338,0.059336824,0.94482091,0.069021518,0.16154812,18.12770563
0.055871597,0.298566097,0.003490401,0.838334947,0.055871597,0.262991885,0.068264933,0.17069338,0.059336824,0.94482091,0.068264933,0.16154812,0.065976451,0.172068356,0.057591623,0.940948693,0.065976451,0.14958262,19.3452381
0.068264933,0.17069338,0.059336824,0.94482091,0.068264933,0.16154812,0.065217391,0.172068356,0.057591623,0.940948693,0.065217391,0.14958262,0.066788469,0.233352976,0.008726003,0.842207164,0.066788469,0.163191732,25.56818182
0.065217391,0.172068356,0.057591623,0.940948693,0.065217391,0.14958262,0.066030069,0.233352976,0.008726003,0.842207164,0.066030069,0.163191732,0.200162404,0.356118641,0,0.870280736,0.200162404,0.232749415,24.48593074
0.066030069,0.233352976,0.008726003,0.842207164,0.066030069,0.163191732,0.199512393,0.356118641,0,0.870280736,0.199512393,0.232749415,0.070645554,0.256923984,0.008726003,0.848983543,0.070645554,0.220652426,22.18614719
0.199512393,0.356118641,0,0.870280736,0.199512393,0.232749415,0.069890289,0.256923984,0.008726003,0.848983543,0.069890289,0.220652426,0.063946407,0.21410332,0.012216405,0.866408519,0.063946407,0.194946326,23.15076228
0.069890289,0.256923984,0.008726003,0.848983543,0.069890289,0.220652426,0.063185697,0.21410332,0.012216405,0.866408519,0.063185697,0.194946326,0.077282918,0.212531919,0.017452007,0.878025169,0.077282918,0.205728425,29.62662338
0.063185697,0.21410332,0.012216405,0.866408519,0.063185697,0.194946326,0.076533046,0.212531919,0.017452007,0.878025169,0.076533046,0.205728425,0.057044255,0.33981536,0,0.858664085,0.057044255,0.278113121,43.01948052
0.076533046,0.212531919,0.017452007,0.878025169,0.076533046,0.205728425,0.056277936,0.33981536,0,0.858664085,0.056277936,0.278113121,0.427121397,0.382636024,0.118673647,0.939980639,0.427121397,0.427813351,72.06481481
0.056277936,0.33981536,0,0.858664085,0.056277936,0.278113121,0.426655831,0.382636024,0.118673647,0.939980639,0.426655831,0.427813351,0.465286236,0.343547437,0.038394415,0.830590513,0.465286236,0.752470978,58.99382716
0.426655831,0.382636024,0.118673647,0.939980639,0.426655831,0.427813351,0.464851686,0.343547437,0.038394415,0.830590513,0.464851686,0.752470978,0.163012586,0.275977215,0.008726003,0.732817038,0.163012586,0.606368482,41.80194805
0.464851686,0.343547437,0.038394415,0.830590513,0.464851686,0.752470978,0.162332385,0.275977215,0.008726003,0.732817038,0.162332385,0.606368482,0.192854243,0.387153801,0,0.686350436,0.192854243,0.414204239,49.24242424
0.162332385,0.275977215,0.008726003,0.732817038,0.162332385,0.606368482,0.192198293,0.387153801,0,0.686350436,0.192198293,0.414204239,0.248071458,0.366332744,0.008726003,0.71732817,0.248071458,0.497371033,54.09983897
0.192198293,0.387153801,0,0.686350436,0.192198293,0.414204239,0.247460382,0.366332744,0.008726003,0.71732817,0.247460382,0.497371033,0.089727974,0.402867806,0.017452007,0.661181026,0.089727974,0.551665355,62.77469136
0.247460382,0.366332744,0.008726003,0.71732817,0.247460382,0.497371033,0.088988216,0.402867806,0.017452007,0.661181026,0.088988216,0.551665355,0.532074706,0.479866431,0,0.666989351,0.532074706,0.648629534,55.10493827
0.088988216,0.402867806,0.017452007,0.661181026,0.088988216,0.551665355,0.531694433,0.479866431,0,0.666989351,0.531694433,0.648629534,0,0.066588097,0.012216405,0.489835431,0,0.562899971,57.14331723
