SiteId,SiteName,ItemId,ItemName,ItemEngName,ItemUnit,MonitorDate,MonitorValue00,MonitorValue01,MonitorValue02,MonitorValue03,MonitorValue04,MonitorValue05,MonitorValue06,MonitorValue07,MonitorValue08,MonitorValue09,MonitorValue10,MonitorValue11,MonitorValue12,MonitorValue13,MonitorValue14,MonitorValue15,MonitorValue16,MonitorValue17,MonitorValue18,MonitorValue19,MonitorValue20,MonitorValue21,MonitorValue22,MonitorValue23
70,永和,144,小時風向值,WD_HR,degrees,2020/10/1,155,163,145,149,169,162,149,100,77,75,66,71,64,70,73,73,77,73,77,91,92,86,81,75
70,永和,143,小時風速值,WS_HR,m/sec,2020/10/1,0.9,1,0.8,0.7,0.7,0.8,0.9,1,1.8,2,2.7,2.4,2.2,2.2,2.4,2.3,2.1,2.1,2.2,1.7,1.7,1.6,1.5,1.3
70,永和,38,相對濕度,RH,%,2020/10/1,81,81,81,81,82,82,79,74,63,60,56,54,53,51,54,58,61,65,68,70,72,70,68,70
70,永和,33,細懸浮微粒,PM2.5,μg/m3,2020/10/1,16,10,9,8,7,5,14,17,15,15,13,14,17,14,14,14,13,18,16,15,16,15,10,14
70,永和,23,雨量,RAINFALL,mm,2020/10/1,0,0,0,0,0,0,0,0,0,0,0,0,0,0,0,0,0,0,0,0,0,0,0,0
70,永和,14,溫度,AMB_TEMP,℃,2020/10/1,21.6,21.6,21.7,21.8,21.6,21.9,22.6,24,25.2,26,26.4,26.7,27,27.7,27.5,27.1,26.5,25.7,25.3,25,24.8,24.8,25,24.8
70,永和,6,一氧化氮,NO,ppb,2020/10/1,5.5,4,3.2,5.5,3.9,10,15.4,7.9,5.1,4,3.7,5.4,4.7,3.4,3.9,4.6,3.6,3.2,2.2,1.8,1.8,1.9,2.6,1.8
70,永和,4,懸浮微粒,PM10,μg/m3,2020/10/1,29,24,20,22,23,25,23,34,32,34,34,31,32,35,33,36,34,31,33,36,30,29,33,30
70,永和,3,臭氧,O3,ppb,2020/10/1,16.3,18.1,21.3,18.9,18.2,16.1,14.5,25.5,42.9,47.4,51.2,50.8,53.9,55.2,51.3,50.2,51.5,48.6,52,50.4,49.8,45.9,45.1,43.7
70,永和,2,一氧化碳,CO,ppm,2020/10/1,0.64,0.56,0.42,0.45,0.45,0.74,0.96,0.63,0.48,0.44,0.35,0.46,0.43,0.39,0.36,0.44,0.42,0.53,0.43,0.45,0.34,0.42,0.45,0.43
70,永和,1,二氧化硫,SO2,ppb,2020/10/1,1.4,0.4,0.3,0.5,1.1,1.7,1.5,1,1.3,1.1,1.6,2,2.2,1.6,1.3,1.1,1.2,1,1.3,1.1,0.3,1,0.6,0.6
70,永和,1,二氧化硫,SO2,ppb,2020/10/2,0.9,1.8,1.5,1.9,1,1,1.5,0.9,1.5,1.3,1.7,1.7,1.7,1.4,1.7,1.6,1.5,1.2,1.6,1.2,1.1,1,1.5,2.1
70,永和,23,雨量,RAINFALL,mm,2020/10/2,0,0,0,0,0,0,0,0,0,0,0,0,0,0,0,0,0,0,0,0,0,0,0,0
70,永和,144,小時風向值,WD_HR,degrees,2020/10/2,80,82,79,76,85,74,76,73,77,74,69,66,68,67,73,75,75,73,72,73,76,76,82,85
70,永和,143,小時風速值,WS_HR,m/sec,2020/10/2,1.5,1.4,1.5,1.5,1.3,1.6,1.7,2.1,2.3,2.4,2.5,3.1,3,2.8,2.9,2.7,2.5,2.7,2.4,2.3,1.8,1.4,1.2,0.9
70,永和,38,相對濕度,RH,%,2020/10/2,70,72,72,73,72,71,71,69,65,60,58,59,58,58,59,62,66,71,74,76,77,77,79,80
70,永和,33,細懸浮微粒,PM2.5,μg/m3,2020/10/2,10,12,12,12,18,11,14,18,14,11,11,12,11,13,16,16,14,14,15,15,13,12,18,14
70,永和,14,溫度,AMB_TEMP,℃,2020/10/2,24.8,24.7,24.8,24.7,24.5,24.5,24.6,25.6,26.8,28.3,29.3,29.4,29.8,29.8,29.5,28.9,28,27,26.5,26.2,26.2,26.3,26.2,26
70,永和,6,一氧化氮,NO,ppb,2020/10/2,1.5,1.3,0.7,0.8,0.7,2.3,1.6,2.7,3.5,3,3.5,4.6,3.8,3.5,3.4,2.8,3.2,2.9,3,2.3,2.6,2.1,3.7,3
70,永和,4,懸浮微粒,PM10,μg/m3,2020/10/2,27,28,27,29,23,27,26,28,27,24,22,29,31,28,35,32,33,31,26,32,32,27,27,29
70,永和,3,臭氧,O3,ppb,2020/10/2,51.6,52.3,59.1,58.3,54.5,55,52.7,49,50.7,51,51.6,48.3,48,46,44.8,43.1,40.7,37.7,31.5,33.1,30.5,26.6,22.1,18.4
70,永和,2,一氧化碳,CO,ppm,2020/10/2,0.32,0.26,0.23,0.23,0.24,0.26,0.37,0.46,0.41,0.43,0.39,0.34,0.28,0.32,0.32,0.29,0.39,0.42,0.48,0.4,0.45,0.49,0.52,0.53
70,永和,143,小時風速值,WS_HR,m/sec,2020/10/3,1.2,0.9,0.9,0.8,0.9,1,1,0.9,1.9,2.2,2.1,2.2,2.4,2.5,2.5,2,2,1.9,1.7,1.9,1.8,1.9,1.7,1.5
70,永和,6,一氧化氮,NO,ppb,2020/10/3,1.9,2.9,1.5,1.2,1.3,1.6,4.2,11.8,5.2,2.9,3.2,2.6,2.4,1.8,2.1,2.1,2.7,3.1,3.9,2.1,2.4,1.9,2,1.3
70,永和,14,溫度,AMB_TEMP,℃,2020/10/3,25.9,25.8,25.9,25.4,24.9,24.6,24.8,26.5,28.9,30.4,31.6,32.1,32.3,31.9,31.8,31.3,30.3,29.1,28.4,28,27.9,27.7,27.4,27.3
70,永和,23,雨量,RAINFALL,mm,2020/10/3,0,0,0,0,0,0,0,0,0,0,0,0,0,0,0,0,0,0,0,0,0,0,0,0
70,永和,33,細懸浮微粒,PM2.5,μg/m3,2020/10/3,13,12,10,7,7,7,8,9,7,7,7,8,4,5,4,5,7,7,9,7,10,11,6,3
70,永和,38,相對濕度,RH,%,2020/10/3,80,79,76,76,77,78,77,71,64,54,49,46,45,45,47,52,55,59,62,67,69,68,69,70
70,永和,4,懸浮微粒,PM10,μg/m3,2020/10/3,22,19,21,17,14,15,15,21,15,11,12,15,15,8,12,19,17,21,16,17,18,13,17,10
70,永和,144,小時風向值,WD_HR,degrees,2020/10/3,90,121,90,129,125,138,140,129,75,86,82,87,85,88,87,94,90,84,86,87,81,74,78,80
70,永和,3,臭氧,O3,ppb,2020/10/3,20,22.3,26.7,23.3,22.2,20.6,18.5,18.3,30.3,39.7,41.8,43.2,42.3,43.8,44,39.5,36.6,32.9,30.8,31.8,31.1,32.2,32,32.4
70,永和,2,一氧化碳,CO,ppm,2020/10/3,0.44,0.41,0.26,0.24,0.23,0.32,0.62,0.72,0.46,0.34,0.34,0.3,0.29,0.25,0.25,0.28,0.31,0.42,0.42,0.43,0.36,0.35,0.35,0.32
70,永和,1,二氧化硫,SO2,ppb,2020/10/3,2,2.7,2.2,2.1,2.9,2.6,2.4,2.8,2.8,2.3,2.6,2.4,2.5,2,2.4,2.4,2.6,2.1,2,2.1,2.1,1.9,1.4,2.8
70,永和,4,懸浮微粒,PM10,μg/m3,2020/10/4,15,9,16,12,16,14,16,15,16,17,22,24,22,25,27,19,22,23,25,15,21,18,15,14
70,永和,6,一氧化氮,NO,ppb,2020/10/4,1.5,1.8,1.9,2.1,2,7.3,12.9,7.6,7.7,9.6,6.8,7.8,4.1,4.3,3.1,3.8,3,2.7,3.4,3.5,4.1,2.5,2.3,2.1
70,永和,14,溫度,AMB_TEMP,℃,2020/10/4,27.2,27,26.8,26.4,26.2,25.9,26,26.7,27.9,29.6,31.1,32.3,33.2,33.5,32.9,31.7,30.8,29.6,28.5,27.8,27.4,27.1,27.2,26.9
70,永和,33,細懸浮微粒,PM2.5,μg/m3,2020/10/4,5,5,6,3,4,5,8,7,6,8,10,14,13,16,10,8,9,10,13,9,7,7,5,5
70,永和,38,相對濕度,RH,%,2020/10/4,70,69,70,71,73,73,69,68,66,59,51,46,42,43,50,55,58,61,65,70,71,71,70,72
70,永和,143,小時風速值,WS_HR,m/sec,2020/10/4,1.5,1.2,1.1,0.6,0.8,0.8,0.8,0.9,1.2,0.8,0.7,0.3,0.8,1.2,1.9,1.9,1.7,1.7,1.8,1.8,1.7,1.7,1.7,1.7
70,永和,23,雨量,RAINFALL,mm,2020/10/4,0,0,0,0,0,0,0,0,0,0,0,0,0,0,0,0,0,0,0,0,0,0,0,0
70,永和,1,二氧化硫,SO2,ppb,2020/10/4,3.8,1,1.2,1.7,1,1.1,1.2,1,1.3,1.3,1,1.1,0.9,1.6,2.2,2.2,2,2.4,1.6,1.5,0.6,0.7,0.3,0.4
70,永和,2,一氧化碳,CO,ppm,2020/10/4,0.27,0.22,0.21,0.25,0.3,0.47,0.71,0.51,0.54,0.66,0.63,0.75,0.56,0.66,0.41,0.43,0.42,0.45,0.58,0.49,0.48,0.34,0.31,0.25
70,永和,3,臭氧,O3,ppb,2020/10/4,33.2,34.1,34.3,29,26,19.8,16.7,22.1,29.2,35.7,47.4,56.9,71.9,76.1,64.3,48.7,41.8,36.5,31.9,25.7,27,32.3,35.2,34.3
70,永和,144,小時風向值,WD_HR,degrees,2020/10/4,74,88,85,129,141,146,152,121,81,75,97,44,73,54,67,69,79,80,81,81,79,89,77,85
70,永和,4,懸浮微粒,PM10,μg/m3,2020/10/5,13,15,10,8,6,9,7,14,25,34,31,37,36,41,,25,25,28,36,35,28,32,31,26
70,永和,6,一氧化氮,NO,ppb,2020/10/5,1.7,2,1.1,1.3,1.4,2.6,3.7,10.6,10,7.3,4.7,4.3,4.3,6.8,6.1,6.7,4.9,6.7,5.1,4.7,5.2,3.3,2.9,1.5
70,永和,14,溫度,AMB_TEMP,℃,2020/10/5,26.7,26.6,26.3,23.1,22.6,22.7,23.3,24,24.3,24.1,23.5,23.7,23.6,23.5,23.7,23.6,23.5,23.2,22.9,22.5,22,22.2,22.3,21.8
70,永和,23,雨量,RAINFALL,mm,2020/10/5,0,0,0,0.8,0,0.2,0,0,0,0.2,0,0.2,0,0,0,0.2,0,0,0,0,0,0,0,0
70,永和,33,細懸浮微粒,PM2.5,μg/m3,2020/10/5,4,6,6,4,4,4,3,9,9,16,20,17,19,,16,12,15,16,19,14,12,14,9,11
70,永和,38,相對濕度,RH,%,2020/10/5,72,72,75,84,86,87,86,84,83,82,83,82,80,81,81,83,83,81,81,81,84,81,80,81
70,永和,143,小時風速值,WS_HR,m/sec,2020/10/5,1.5,1.7,1.9,1.5,1.2,1,1.4,1.9,2.2,2.6,2.8,2.7,2.3,1.9,1.8,1.8,2.4,2.3,2.3,1.6,1.6,2,1.3,1.4
70,永和,144,小時風向值,WD_HR,degrees,2020/10/5,72,70,65,77,69,110,93,79,74,74,70,72,75,80,80,77,71,73,75,77,69,81,95,101
70,永和,1,二氧化硫,SO2,ppb,2020/10/5,-0.1,1.4,1.4,1.2,1.3,1.5,1.6,1.7,1.7,1.6,1.7,1.1,0.7,1.1,,0.8,0.7,1.2,0.7,0.8,0.3,0.6,1.1,0.9
70,永和,2,一氧化碳,CO,ppm,2020/10/5,0.24,0.19,0.18,0.16,0.18,0.2,0.47,1.14,1.15,0.7,0.51,0.52,0.54,0.62,0.6,0.56,0.5,0.62,0.58,0.56,0.46,0.36,0.34,0.26
70,永和,3,臭氧,O3,ppb,2020/10/5,33.1,35.2,37.1,37.8,34,32.1,35.1,31.9,34,39.1,42.7,45.6,45.2,41.5,36.2,33.3,34.7,33,32.9,31.1,30.9,35.2,36.1,38
70,永和,14,溫度,AMB_TEMP,℃,2020/10/6,21.9,22.1,22.2,22.1,22.3,22.4,22.2,22.5,22.6,22.4,22.8,23.5,24.1,24.1,24.7,24.8,24.8,24.2,23.5,23.1,23.2,23.1,23.2,23.2
70,永和,23,雨量,RAINFALL,mm,2020/10/6,0,0,0,0,0,0,0,0,0,0,0,0,0,0,0,0,0,0,0,0,0,0,0,0
70,永和,33,細懸浮微粒,PM2.5,μg/m3,2020/10/6,10,12,10,13,11,12,12,17,8,8,9,18,7,6,12,12,14,11,9,10,15,11,7,11
70,永和,38,相對濕度,RH,%,2020/10/6,81,77,77,77,74,74,76,74,75,77,74,67,64,63,60,61,61,64,69,72,70,70,69,68
70,永和,143,小時風速值,WS_HR,m/sec,2020/10/6,1.5,1.6,1.3,1.2,1.5,1.4,1.7,1.7,1.4,1.5,1.9,2.4,2.4,2.6,2.4,2.1,2.5,2,1.7,1.6,1.7,1.4,1.5,1.6
70,永和,144,小時風向值,WD_HR,degrees,2020/10/6,89,80,95,97,83,81,83,83,95,97,80,76,68,73,76,75,72,77,91,90,90,90,90,91
70,永和,6,一氧化氮,NO,ppb,2020/10/6,1.3,2,2.1,1.8,2,3.6,4.6,13.3,18.4,8.2,8.3,6.8,5.5,6,7.4,7,6.7,7.5,5.5,3.8,3.5,3.9,4,2.5
70,永和,4,懸浮微粒,PM10,μg/m3,2020/10/6,22,26,32,36,35,38,38,35,33,39,36,38,33,31,37,35,37,38,36,26,30,22,27,21
70,永和,3,臭氧,O3,ppb,2020/10/6,40.3,41.3,41.6,40,41.9,38.7,34.4,25.2,22.4,26.6,27.5,,,,38.5,38.2,37.1,34.4,32.5,30.7,38.3,35,32.6,36.2
70,永和,2,一氧化碳,CO,ppm,2020/10/6,0.22,0.17,0.22,0.15,0.16,0.24,0.47,1.1,1.27,0.53,0.5,0.45,0.4,0.4,0.4,0.44,0.43,0.63,0.57,0.51,0.39,0.41,0.42,0.31
70,永和,1,二氧化硫,SO2,ppb,2020/10/6,1.3,-0.2,-0.1,0.1,-0.1,0.2,0.3,-0.3,0,0,-0.5,,,,,-0.3,-0.5,,,-0.4,,,,
70,永和,2,一氧化碳,CO,ppm,2020/10/7,0.22,0.22,0.22,0.21,0.23,0.23,0.39,0.87,0.97,0.73,0.48,0.51,0.46,0.5,0.44,0.53,0.7,0.73,0.83,0.63,0.61,0.52,0.45,0.39
70,永和,3,臭氧,O3,ppb,2020/10/7,37.5,35.7,35.6,35.5,36.9,39.7,31.1,24.3,23.8,27.9,36.7,38,48.2,47,43.5,39.8,36.9,36,36.2,41.1,40.2,42.3,45,41.8
70,永和,4,懸浮微粒,PM10,μg/m3,2020/10/7,16,24,21,23,24,21,19,28,31,35,38,35,34,32,34,37,34,34,31,29,26,33,27,32
70,永和,6,一氧化氮,NO,ppb,2020/10/7,1.8,0.3,0.6,1,0.7,1.3,2.7,9.5,10.1,10.5,5.8,7.5,4.3,5.8,4.6,6.8,8,6,7.7,3.4,3.9,3.4,1.9,1.5
70,永和,14,溫度,AMB_TEMP,℃,2020/10/7,22.6,22.6,22.8,22.8,23,22.6,22.7,23.3,23.8,24.2,24.5,24.6,25.1,25.6,24.5,24.6,24.5,24.4,24.4,24.3,24.3,24.3,24.1,24
70,永和,144,小時風向值,WD_HR,degrees,2020/10/7,98,95,92,95,86,94,98,103,100,82,71,72,71,60,64,67,65,70,75,67,83,76,79,84
70,永和,23,雨量,RAINFALL,mm,2020/10/7,0,0,0,0,0,0,0,0,0,0,0,0,0,0,0,0,0,0,0,0,0,0,0,0
70,永和,33,細懸浮微粒,PM2.5,μg/m3,2020/10/7,8,6,8,5,5,8,9,9,9,13,13,13,11,13,11,12,14,15,11,11,13,12,7,11
70,永和,38,相對濕度,RH,%,2020/10/7,74,74,72,71,71,73,74,70,67,66,63,62,58,58,63,61,60,61,62,62,64,64,67,67
70,永和,143,小時風速值,WS_HR,m/sec,2020/10/7,1.5,1.4,1.5,1.2,1.4,1.4,1.2,1.1,1.1,1.6,2.2,2,2.2,2.5,2.5,2.2,2.1,1.8,1.8,1.8,1.4,1.9,1.7,1.3
70,永和,1,二氧化硫,SO2,ppb,2020/10/7,,3.8,3.8,3.4,3.8,3.6,3.6,3.6,3.9,,1.2,0.5,0.4,1.2,0.5,1,0.6,0.8,0.5,0.7,0.5,0.7,0.6,0.3
70,永和,1,二氧化硫,SO2,ppb,2020/10/8,-0.3,3.2,2.9,3.4,2.9,3.2,3.3,4,4,3.4,,,4.4,4.2,,5.1,4.9,4.8,4.6,4.9,4.7,4.9,4.6,3.9
70,永和,3,臭氧,O3,ppb,2020/10/8,41.1,39.5,42.7,33,31,20.1,14.9,8.7,12.5,21,38.1,38.9,40,37.6,35.4,35.7,33.1,33.3,26.7,24,19.7,29.2,23.1,22.1
70,永和,2,一氧化碳,CO,ppm,2020/10/8,0.33,0.26,0.28,0.3,0.3,0.45,1.05,2.19,1.59,1.01,0.47,0.49,0.44,0.42,0.48,0.47,0.57,0.71,0.87,0.75,0.75,0.54,0.56,0.56
70,永和,144,小時風向值,WD_HR,degrees,2020/10/8,107,106,132,156,155,170,155,144,143,110,75,56,60,57,60,66,66,74,75,92,142,105,139,142
70,永和,143,小時風速值,WS_HR,m/sec,2020/10/8,1.1,1.2,0.9,1.1,0.8,1,0.8,0.9,0.9,1.2,2.3,2.2,2.4,2.4,2.3,2.3,2,1.6,1.3,0.9,1,1.1,1,0.8
70,永和,38,相對濕度,RH,%,2020/10/8,67,75,80,79,76,75,74,73,71,65,59,58,58,58,58,58,63,69,69,69,73,80,82,80
70,永和,33,細懸浮微粒,PM2.5,μg/m3,2020/10/8,10,6,8,9,9,11,11,13,11,12,17,14,12,15,13,17,14,17,15,17,16,9,12,10
70,永和,23,雨量,RAINFALL,mm,2020/10/8,0,0,0,0,0,0,0,0,0,0,0,0,0,0,0,0,0,0,0,0,0,0.8,0,0
70,永和,14,溫度,AMB_TEMP,℃,2020/10/8,23.7,22.8,22.2,22.3,22.4,22.2,22.4,23.1,23.4,24.7,25.5,25.5,25.6,25.7,25.7,26,25.4,24.4,24.5,24.5,23.7,22.1,22,22
70,永和,6,一氧化氮,NO,ppb,2020/10/8,1.1,0.7,0.9,1.5,1.7,6.9,18,48.7,33.4,25.1,6.5,7.3,5.7,6,7.8,7.1,7.4,5.6,7.7,9.2,9,6.4,4.6,5
70,永和,4,懸浮微粒,PM10,μg/m3,2020/10/8,32,24,19,19,20,24,26,43,33,37,45,51,39,42,48,45,44,38,39,40,36,22,21,25
70,永和,4,懸浮微粒,PM10,μg/m3,2020/10/9,23,22,15,12,16,11,19,20,28,27,31,32,36,39,39,36,38,35,29,24,24,20,19,12
70,永和,144,小時風向值,WD_HR,degrees,2020/10/9,155,173,171,159,145,152,160,151,115,77,91,43,84,106,84,68,73,104,123,155,152,117,104,129
70,永和,23,雨量,RAINFALL,mm,2020/10/9,0,0,0,0,0,0,0,0,0.2,0,0.2,0,0,0,0,0,0,0,0,0,0,0,0.2,0.2
70,永和,1,二氧化硫,SO2,ppb,2020/10/9,3.9,2.1,2.4,2,1.8,1.8,2.6,2.3,2.6,3,2.7,2.8,2.8,2.1,2.7,2.2,2.1,2.3,2.1,2.1,2,2.5,2,1.9
70,永和,14,溫度,AMB_TEMP,℃,2020/10/9,21.9,21.7,21.3,21.2,21.3,21.2,21.4,21.6,21.9,21.9,21.5,22.2,22.8,23.3,23.9,24.2,23.7,22.8,21.9,21.6,21.7,21.6,21.4,21.1
70,永和,2,一氧化碳,CO,ppm,2020/10/9,0.49,0.3,0.25,0.26,0.24,0.32,0.59,0.71,0.73,1.08,0.82,0.9,0.78,0.67,0.62,0.47,0.51,0.56,0.48,0.68,0.69,0.47,0.33,0.41
70,永和,3,臭氧,O3,ppb,2020/10/9,24.2,30.1,31.6,33.2,33,29.6,23.4,21.4,22.6,18,22.1,24.1,25.2,29.5,28.7,33.9,28.3,23.5,24.6,17.4,16.5,24,27.2,25.7
70,永和,6,一氧化氮,NO,ppb,2020/10/9,3.3,2.1,1.4,1.6,1.3,3,7.7,11.6,11.5,18.4,20.7,16.3,17.5,11.3,9,6.1,5.7,4.8,3.8,10.1,9.7,4.3,1.5,2.9
70,永和,143,小時風速值,WS_HR,m/sec,2020/10/9,0.9,1,0.9,0.8,0.6,0.8,0.9,0.8,0.6,0.6,0.4,0.5,0.8,0.6,1.2,1.8,1.4,0.9,1,1.2,1.2,0.9,0.9,0.8
70,永和,38,相對濕度,RH,%,2020/10/9,80,82,85,86,85,85,84,82,81,81,80,77,72,68,66,60,65,69,78,81,84,85,86,88
70,永和,33,細懸浮微粒,PM2.5,μg/m3,2020/10/9,11,12,8,11,9,6,6,9,14,13,12,13,20,16,13,12,11,12,13,13,15,8,7,5
70,永和,1,二氧化硫,SO2,ppb,2020/10/10,2.1,1.8,2.2,2.1,2.5,2.2,2.1,2.1,1.9,1.6,2.4,2.3,2.5,2.1,2,3.1,3.1,3.4,3.1,3.5,2.2,2.3,2.9,3.1
70,永和,144,小時風向值,WD_HR,degrees,2020/10/10,111,102,111,121,115,112,105,89,91,83,82,85,81,67,85,91,92,96,97,98,88,96,99,87
70,永和,143,小時風速值,WS_HR,m/sec,2020/10/10,0.8,1,0.8,0.7,0.9,0.9,1,1.5,1.6,1.6,1.6,1.4,1.9,1.8,1.6,1.2,1.5,1.5,1.4,1.4,1.7,1.1,1.2,1.5
70,永和,38,相對濕度,RH,%,2020/10/10,85,83,82,81,80,79,79,79,78,76,75,75,74,74,75,79,79,79,80,79,79,77,77,77
70,永和,33,細懸浮微粒,PM2.5,μg/m3,2020/10/10,7,8,16,12,8,11,9,10,10,12,12,11,9,9,14,11,11,12,9,11,9,7,7,7
70,永和,23,雨量,RAINFALL,mm,2020/10/10,0,0,0,0,0,0,0,0,0,0,0,0,0,0,0,0,0,0,0,0,0,0,0,0
70,永和,14,溫度,AMB_TEMP,℃,2020/10/10,21.4,21.4,21.4,21.6,21.8,21.8,21.9,22.2,22.4,23,23.3,23.3,23.5,23.6,23.4,22.9,23,22.9,22.9,23.1,23.3,23.3,23.4,23.7
70,永和,6,一氧化氮,NO,ppb,2020/10/10,2.3,0.3,0.8,1,1.1,0.3,0.8,2.8,3.4,5.3,4.3,3.9,4,4.1,4.3,3.1,2,1.9,2.2,1.7,2.6,1.8,1.4,0.8
70,永和,4,懸浮微粒,PM10,μg/m3,2020/10/10,16,24,23,27,30,30,29,29,22,29,31,23,30,30,31,28,28,29,25,22,19,19,19,26
70,永和,3,臭氧,O3,ppb,2020/10/10,31.1,38.3,39.6,35.5,37.4,37.2,34.1,34.3,35.8,34.3,34.9,33.6,35.9,35.7,34.3,33.8,33.8,33.6,33.7,34.3,33.3,30.7,31.1,35.2
70,永和,2,一氧化碳,CO,ppm,2020/10/10,0.37,0.2,0.23,0.23,0.21,0.24,0.29,0.4,0.39,0.49,0.42,0.45,0.39,0.55,0.43,0.4,0.4,0.38,0.38,0.38,0.37,0.37,0.32,0.29
70,永和,33,細懸浮微粒,PM2.5,μg/m3,2020/10/11,8,5,4,8,7,3,2,4,6,7,7,5,3,5,6,5,4,6,4,6,5,5,4,3
70,永和,144,小時風向值,WD_HR,degrees,2020/10/11,96,92,86,86,86,79,77,82,87,77,84,80,77,81,77,71,69,76,73,72,68,69,69,69
70,永和,143,小時風速值,WS_HR,m/sec,2020/10/11,1.1,1.4,1.4,1.5,1.5,1.3,1.3,1.7,1.6,1.6,1.8,2.1,2.3,2.1,2.5,2.6,2.5,1.9,2,2.1,2.1,2.1,1.7,2
70,永和,38,相對濕度,RH,%,2020/10/11,78,79,80,82,83,86,86,84,83,85,82,81,80,78,78,78,80,81,85,86,86,87,88,88
70,永和,23,雨量,RAINFALL,mm,2020/10/11,0,0,0,0,0,0,0,0,0,0,0,0,0,0,0,0,0,0,0,0,0.4,0.4,0.4,2
70,永和,14,溫度,AMB_TEMP,℃,2020/10/11,23.3,23.4,23.5,23.5,23.5,23.2,23.3,23.4,23.6,23.7,24.2,24.5,24.8,25.2,25,25.2,25.1,25.2,24.8,24.5,24.4,23.9,23.7,23.6
70,永和,6,一氧化氮,NO,ppb,2020/10/11,0.7,2.3,1.9,2.2,2.1,3.3,3.5,4.6,5.7,5.7,7.4,7,4.9,6.2,5.3,6.3,4.3,5.3,4.3,4.5,4,4,3.3,2.2
70,永和,4,懸浮微粒,PM10,μg/m3,2020/10/11,21,17,20,18,16,8,9,13,11,8,17,10,11,8,15,10,9,12,9,12,8,9,10,6
70,永和,3,臭氧,O3,ppb,2020/10/11,33.1,34.4,34.7,35.7,36.1,32.1,29.5,31.5,32,30.8,32.8,34.4,37.9,36.7,35.3,32.1,30.2,27.5,27.6,22.7,25.7,26.6,28.2,32
70,永和,2,一氧化碳,CO,ppm,2020/10/11,0.27,0.24,0.23,0.21,0.19,0.26,0.36,0.45,0.5,0.54,0.45,0.49,0.37,0.42,0.41,0.41,0.38,0.54,0.44,0.41,0.35,0.35,0.35,0.25
70,永和,1,二氧化硫,SO2,ppb,2020/10/11,4.8,1.2,0.1,0.6,0.6,0.2,0.8,1,0.2,0.6,1,1.2,0.9,0.8,0.4,1,1,0.3,-0.4,0,0.3,0.2,0.3,0.4
70,永和,2,一氧化碳,CO,ppm,2020/10/12,0.21,0.2,0.17,0.16,0.16,0.18,0.5,0.94,0.75,0.49,0.38,0.33,0.33,0.3,0.3,0.32,0.37,0.66,0.55,0.45,0.35,0.35,0.33,0.23
70,永和,38,相對濕度,RH,%,2020/10/12,89,89,89,88,89,88,87,86,83,83,83,79,78,78,79,79,80,81,82,82,82,81,83,86
70,永和,143,小時風速值,WS_HR,m/sec,2020/10/12,2.1,1.6,1.2,1.8,1.6,2,2.1,2.7,3.1,3,3.1,3.4,3.3,3.5,3.6,3.4,3,2.7,3.2,2.5,2.7,2.5,2.8,2.6
70,永和,6,一氧化氮,NO,ppb,2020/10/12,2.2,2.4,2,1.6,2.4,4.4,8,14.7,13.1,8.1,9.2,7.3,6.1,5.8,5.5,6.2,6.1,6.7,6.1,4.4,4.2,3.5,3.3,2.5
70,永和,14,溫度,AMB_TEMP,℃,2020/10/12,23.9,24.1,24.3,24.6,24.7,24.9,24.8,25.4,25.6,25.6,25.7,26.4,26.4,26.4,26,25.9,25.9,25.7,25.5,25.5,25.7,25.6,25.2,24.4
70,永和,33,細懸浮微粒,PM2.5,μg/m3,2020/10/12,1,1,3,3,5,4,4,4,6,5,3,4,2,6,8,9,7,6,7,4,3,5,5,3
70,永和,23,雨量,RAINFALL,mm,2020/10/12,1.6,1,1,0.2,0,0,0,0,0,0,0,0,0,0,0,0,0,0,0,0,0,0,0,0
70,永和,1,二氧化硫,SO2,ppb,2020/10/12,,,,,,,,0,0,,,,,2.2,1.8,2.5,1.3,0.5,2.3,1.5,1.6,1.3,1.7,1.5
70,永和,144,小時風向值,WD_HR,degrees,2020/10/12,64,75,89,62,68,67,71,69,73,68,65,65,65,68,71,71,70,71,67,71,70,72,66,68
70,永和,3,臭氧,O3,ppb,2020/10/12,34.3,35.8,35.5,35.9,29.4,11.8,17.6,18.3,19.7,27.4,26,28.8,28.2,26.3,27.8,25.7,25.2,21.7,21.6,24.8,27.4,30.7,31.1,34.1
70,永和,4,懸浮微粒,PM10,μg/m3,2020/10/12,5,5,5,5,5,5,5,10,11,10,29,89,27,21,15,12,16,20,14,5,17,5,15,5
70,永和,1,二氧化硫,SO2,ppb,2020/10/13,3.2,1.4,1.3,1.1,0.5,0.5,0.5,0.5,0.5,0.5,0.5,0,0,0.5,0.5,0.5,0,0,0.5,0,,,,
70,永和,2,一氧化碳,CO,ppm,2020/10/13,0.19,0.16,0.16,0.15,0.16,0.21,0.33,0.74,0.76,0.5,0.41,0.36,0.35,0.4,0.38,0.36,0.39,0.55,0.59,0.42,0.37,0.4,0.37,0.28
70,永和,3,臭氧,O3,ppb,2020/10/13,39.1,41.3,41.8,43.8,44.8,40.2,33.9,29.3,29.7,33,36.1,36.9,36.2,34,32.4,33.6,34.5,32.8,31.1,37.8,40,43.3,44.8,48.3
70,永和,4,懸浮微粒,PM10,μg/m3,2020/10/13,5,5,10,5,5,5,5,11,18,26,5,11,12,10,19,18,19,11,11,14,23,24,30,22
70,永和,6,一氧化氮,NO,ppb,2020/10/13,1.3,1.9,2.8,2.9,2.8,6.5,5.1,9.4,11.3,8.1,7.3,6.4,6,7.5,7.9,7.6,7.1,7.6,8.1,4.5,4.7,4.5,3.6,2.8
70,永和,14,溫度,AMB_TEMP,℃,2020/10/13,24.1,23.9,23.9,23.7,23.8,23.8,23.9,24,24,24.1,24.5,25,25.3,25.5,25.3,24.5,24.2,23.9,23.7,23.8,23.8,23.9,24,23.8
70,永和,23,雨量,RAINFALL,mm,2020/10/13,0.6,0.4,0,0.2,0,0.2,0.2,0.4,0.2,0.2,0.2,0,0.2,0,0.2,0.2,0,0,0,0,0,0,0,0
70,永和,33,細懸浮微粒,PM2.5,μg/m3,2020/10/13,3,3,3,2,7,6,3,5,9,24,6,7,5,10,8,8,12,8,9,9,12,11,13,11
70,永和,143,小時風速值,WS_HR,m/sec,2020/10/13,2.6,2.4,2.6,2.6,2.4,2.3,2.2,2.6,2.7,3.1,2.7,2.9,3.2,2.8,2.8,2.8,3.1,3,2.7,2.9,2.5,1.8,1.9,2
70,永和,38,相對濕度,RH,%,2020/10/13,87,88,87,87,87,87,88,88,87,87,86,86,85,84,84,85,85,85,86,85,84,82,82,83
70,永和,144,小時風向值,WD_HR,degrees,2020/10/13,70,60,63,66,73,72,74,72,75,68,69,66,70,64,71,71,71,72,73,68,75,86,82,80
70,永和,143,小時風速值,WS_HR,m/sec,2020/10/14,1.9,1.5,1.9,1.9,1.6,1.8,1.7,1.9,1.8,2.2,2.4,2.6,2.5,2.8,3.4,2.8,3.1,2.9,2.5,2.5,2.2,2,2.5,2.5
70,永和,4,懸浮微粒,PM10,μg/m3,2020/10/14,25,25,23,25,21,14,28,41,43,39,42,35,36,39,36,40,34,31,38,29,29,29,31,26
70,永和,6,一氧化氮,NO,ppb,2020/10/14,2.2,0.6,0.8,1.3,0.8,1.5,5.2,9.9,9.6,7.8,5.6,5,3.6,5.7,5.4,5.1,3.8,4.4,4.8,3.2,2.3,2.6,1.1,1.5
70,永和,14,溫度,AMB_TEMP,℃,2020/10/14,23.8,24,24,23.8,23.8,23.9,24.4,24.7,25,25.6,25.3,25.1,25.1,25.2,25.1,25.4,25.1,25,25.2,24.9,24.9,24.9,24.7,24.6
70,永和,23,雨量,RAINFALL,mm,2020/10/14,0,0,0,0,0,0,0,0,0,0,0,0,0,0,0,0,0,0,0,0,0,0,0,0
70,永和,33,細懸浮微粒,PM2.5,μg/m3,2020/10/14,13,13,12,16,12,10,14,16,15,11,13,17,12,16,13,11,11,12,13,10,9,7,10,10
70,永和,38,相對濕度,RH,%,2020/10/14,83,82,82,83,82,81,79,78,77,75,76,77,75,75,74,73,73,75,74,73,73,73,74,73
70,永和,144,小時風向值,WD_HR,degrees,2020/10/14,78,89,74,74,74,72,87,76,77,75,73,73,79,74,71,69,72,74,78,78,78,85,75,74
70,永和,1,二氧化硫,SO2,ppb,2020/10/14,,2.8,2.5,2.8,2.9,2.8,2.4,2.7,2.8,,1.4,0.5,2.1,3.2,2.2,1.8,1.8,1.7,1.6,1.3,1.9,1.1,1.2,0.5
70,永和,2,一氧化碳,CO,ppm,2020/10/14,0.26,0.24,0.25,0.24,0.24,0.28,0.51,1.23,1.12,0.65,0.48,0.5,0.42,0.43,0.35,0.39,0.37,0.51,0.59,0.45,0.39,0.41,0.33,0.29
70,永和,3,臭氧,O3,ppb,2020/10/14,51.7,50.9,50.5,51.1,49.3,48.5,41.7,33.1,29.7,34.2,39.7,42.2,41.7,36.8,38.7,37.2,36.5,32.1,34.9,38.2,38.8,38.1,40.9,43
70,永和,3,臭氧,O3,ppb,2020/10/15,43.4,45.3,48.5,50.6,50.3,50.7,47.2,46.3,46.8,45.9,,25.8,32.8,32.4,33.3,33.7,33.6,28.4,27.3,29.3,34.5,30.7,33.6,37.2
70,永和,1,二氧化硫,SO2,ppb,2020/10/15,4.7,1.6,1.4,1.2,1.4,1.6,1.7,1.3,1.7,,1.3,1.6,,,,,1.9,2.2,1.9,2.4,2.7,2.1,1.9,2.4
70,永和,38,相對濕度,RH,%,2020/10/15,73,71,71,72,72,72,73,71,69,77,73,80,80,79,77,78,78,78,77,76,71,75,77,78
70,永和,33,細懸浮微粒,PM2.5,μg/m3,2020/10/15,9,8,10,12,11,10,14,15,18,,12,12,11,13,,14,12,12,14,9,17,12,10,12
70,永和,6,一氧化氮,NO,ppb,2020/10/15,0.9,0.9,1.2,0.8,1.2,1.5,4.5,5.9,8.1,,2.8,3.4,5.5,5.2,6,6.1,4.4,5.7,6.8,3.4,2.5,2.9,2.2,1.9
70,永和,14,溫度,AMB_TEMP,℃,2020/10/15,24.5,24.4,24.3,24.2,24.2,24.2,24.5,25.3,25.9,24.6,25.5,24.3,24.4,24.8,24.9,24.8,24.8,24.7,24.6,24.8,25.6,25.1,25.1,24.9
70,永和,23,雨量,RAINFALL,mm,2020/10/15,0,0,0,0,0,0,0,0,0,0,,0.2,0,0,0,0,0,0,0,0,0,0,0,0
70,永和,144,小時風向值,WD_HR,degrees,2020/10/15,82,79,87,75,84,79,78,76,81,74,74,91,92,79,71,69,68,70,79,77,76,73,75,77
70,永和,143,小時風速值,WS_HR,m/sec,2020/10/15,1.8,1.9,1.7,2,1.6,1.8,2.3,2.7,2.6,2.6,2.4,1.9,1.7,1.9,2.4,2.6,2.8,2.6,2.4,2.4,2.4,2.1,2.2,2.1
70,永和,4,懸浮微粒,PM10,μg/m3,2020/10/15,28,33,25,26,28,30,34,32,40,29,,25,33,33,43,43,36,32,32,24,29,23,28,33
70,永和,2,一氧化碳,CO,ppm,2020/10/15,0.26,0.21,0.21,0.19,0.22,0.27,0.54,0.81,0.89,,0.51,0.4,0.41,0.44,0.43,0.43,0.45,0.63,0.67,0.52,0.36,0.41,0.34,0.31
70,永和,38,相對濕度,RH,%,2020/10/16,78,79,80,81,84,84,83,82,83,79,69,72,74,74,75,79,82,84,83,82,82,84,82,80
70,永和,33,細懸浮微粒,PM2.5,μg/m3,2020/10/16,15,12,12,9,13,12,14,18,15,11,17,14,14,15,16,10,14,13,15,14,10,12,11,10
70,永和,14,溫度,AMB_TEMP,℃,2020/10/16,24.8,24.6,24.5,24.4,24,23.9,23.8,24.1,23.9,24.9,26.8,26.4,26.2,26.1,25.7,24.6,23.7,23.1,23.1,23,23.1,22.7,22.9,23
70,永和,6,一氧化氮,NO,ppb,2020/10/16,1,1.8,2.2,2.1,2.1,3.1,3.9,11,11.3,10,7.7,6.2,6.4,6,8.6,5.3,5.1,7.1,6.5,5.2,4.2,4.3,3.8,5.5
70,永和,4,懸浮微粒,PM10,μg/m3,2020/10/16,28,32,30,31,22,22,26,31,29,38,35,38,42,38,43,27,31,26,36,35,33,15,18,26
70,永和,3,臭氧,O3,ppb,2020/10/16,40.2,42.8,44.5,44.5,43.9,42.4,39.2,32.8,28.3,30,36,34.9,33.9,36,34.8,39.4,42.7,40.6,35.9,39.7,42.7,43.5,43.8,47.6
70,永和,2,一氧化碳,CO,ppm,2020/10/16,0.25,0.21,0.21,0.2,0.21,0.27,0.44,1.16,1.01,0.62,0.43,0.44,0.45,0.42,0.45,0.47,0.48,0.65,0.81,0.58,0.42,0.45,0.4,0.3
70,永和,1,二氧化硫,SO2,ppb,2020/10/16,2.5,1.6,1.7,1.7,1.5,1.9,1.9,2.2,2,2,1.9,2.4,2.6,1.9,1.8,1.9,1.6,1.4,1.4,1.3,1.2,1.2,1.1,1.2
70,永和,23,雨量,RAINFALL,mm,2020/10/16,0,0,0,0.2,0,0,0,0,0,0,0,0,0,0,0,0,0.4,0.6,0.2,0,0.2,0.2,0,0
70,永和,144,小時風向值,WD_HR,degrees,2020/10/16,75,73,71,73,71,73,72,72,72,72,72,76,68,65,69,76,71,70,73,72,74,70,65,67
70,永和,143,小時風速值,WS_HR,m/sec,2020/10/16,2.3,2.3,2.2,2.1,1.9,1.9,2.2,2.6,2.5,2.5,2.7,2.4,2.4,2.7,2.6,2.3,2.8,2,1.8,2.2,2.1,2.2,2.2,2.2
70,永和,2,一氧化碳,CO,ppm,2020/10/17,0.28,0.24,0.23,0.21,0.24,0.28,0.39,0.53,0.59,0.7,0.58,0.62,0.58,0.61,0.45,0.46,0.43,0.56,0.55,0.43,0.46,0.45,0.47,0.35
70,永和,3,臭氧,O3,ppb,2020/10/17,47.3,47,54,56.9,57.7,53.9,52.9,45.7,40.7,35.2,37.6,38.9,37.5,37.1,35.1,36,40.1,36.2,35.6,38.8,36.3,36.4,35.4,41.2
70,永和,4,懸浮微粒,PM10,μg/m3,2020/10/17,28,33,32,29,27,32,35,36,32,27,25,30,27,28,17,24,15,18,19,22,20,24,22,16
70,永和,6,一氧化氮,NO,ppb,2020/10/17,2.4,2.4,2.4,2.4,2.4,2.7,3.7,5.3,6.3,8,7.2,7.6,7.9,7.4,7.3,5.9,4.2,5.3,5.8,4.3,4.9,5.2,5.4,3.7
70,永和,14,溫度,AMB_TEMP,℃,2020/10/17,23.3,23.2,23,22.9,22.6,22.9,23.2,23.2,23.2,22.6,23,23.5,23.2,22.5,21.8,21.7,21.7,21.4,21.4,21.1,21.6,21.7,21.7,21.7
70,永和,23,雨量,RAINFALL,mm,2020/10/17,0,0,0,0,0,0,0,0,0,0,0,0,0,0,0,0,0,0.2,0,0.2,0,0,0,0
70,永和,33,細懸浮微粒,PM2.5,μg/m3,2020/10/17,8,12,11,10,8,14,14,13,11,13,11,8,13,10,9,7,6,9,10,8,7,6,6,9
70,永和,38,相對濕度,RH,%,2020/10/17,79,79,80,78,75,71,69,73,73,77,77,73,74,79,83,84,83,84,84,85,82,81,83,82
70,永和,144,小時風向值,WD_HR,degrees,2020/10/17,78,73,71,70,68,71,68,72,65,82,81,71,78,98,105,99,93,81,88,85,83,95,100,93
70,永和,143,小時風速值,WS_HR,m/sec,2020/10/17,1.7,1.7,1.9,2.1,2,1.9,2.2,2.4,2.3,1.6,1.6,2.1,1.5,1.3,1.1,1.4,1.4,1.5,1.2,1.5,1.4,1.1,1,1.5
70,永和,1,二氧化硫,SO2,ppb,2020/10/17,0.5,1.6,0.5,0.5,0.5,0.5,0.5,0.5,0.5,1.2,1.2,1.3,1.6,1.2,1.4,1,1,0.5,1.1,0.5,1.3,1.2,1,1.1
70,永和,4,懸浮微粒,PM10,μg/m3,2020/10/18,15,23,26,15,22,25,21,24,27,31,38,30,31,26,22,24,25,25,23,18,18,20,26,21
70,永和,38,相對濕度,RH,%,2020/10/18,84,84,84,83,84,84,87,86,85,85,84,82,83,86,86,85,84,83,82,81,82,84,82,82
70,永和,1,二氧化硫,SO2,ppb,2020/10/18,0.5,2.3,2.2,2.1,2.1,1.9,2.2,2.6,2.9,3.1,2.9,2.5,2.6,2.8,2.6,2.7,2.6,3,2.1,2.4,2.9,2.8,2.9,3
70,永和,2,一氧化碳,CO,ppm,2020/10/18,0.3,0.24,0.26,0.22,0.22,0.26,0.39,0.42,0.47,0.56,0.54,0.43,0.44,0.45,0.42,0.43,0.49,0.51,0.46,0.4,0.38,0.36,0.37,0.32
70,永和,3,臭氧,O3,ppb,2020/10/18,45.1,44.8,45.3,48.2,48.6,50.5,44.8,43.6,42.4,39.9,41.3,48.4,46.7,44.3,44.3,45.4,51.3,48.3,47.4,51,51.6,51.3,50.6,52.2
70,永和,6,一氧化氮,NO,ppb,2020/10/18,2.3,0.7,0.8,0.3,0.5,0.7,2,1.5,2.7,2.8,2.9,2.3,2.8,2.4,5.9,3.6,1.7,1.6,2.4,0.8,1.3,1,1.1,0.3
70,永和,14,溫度,AMB_TEMP,℃,2020/10/18,21.5,21.6,21.6,21.6,21.6,21.4,21.2,21.3,21.6,21.7,22,22.3,22.2,21.6,21.1,21.2,21.1,21.2,21.1,21.1,20.5,19.9,20.2,20.4
70,永和,23,雨量,RAINFALL,mm,2020/10/18,0,0,0,0,0,0,0,0,0,0,0,0,0.2,0,0.2,0,0,0,0,0,0,0,0,0
70,永和,33,細懸浮微粒,PM2.5,μg/m3,2020/10/18,11,9,8,8,8,10,11,14,13,14,17,16,16,9,13,12,13,19,12,11,10,11,11,12
70,永和,143,小時風速值,WS_HR,m/sec,2020/10/18,1.2,1.1,0.9,1.6,1.2,1.5,1.1,1.5,1.6,1.4,1.6,2.2,2,2,1.9,1.5,1.9,1.7,1.9,2,1.6,1.3,1.3,1.3
70,永和,144,小時風向值,WD_HR,degrees,2020/10/18,94,100,101,80,83,82,103,86,90,84,87,76,76,74,75,83,76,75,73,74,81,93,94,97
70,永和,144,小時風向值,WD_HR,degrees,2020/10/19,99,98,103,101,102,93,85,82,85,93,87,85,79,89,79,80,81,77,79,74,76,79,87,110
70,永和,143,小時風速值,WS_HR,m/sec,2020/10/19,1.4,1.2,1.2,1.4,1.4,1.5,2,1.8,1.9,1.8,1.7,1.7,1.7,1.5,2,2,1.9,1.7,2.1,2.4,1.9,1.7,1.2,0.7
70,永和,2,一氧化碳,CO,ppm,2020/10/19,0.29,0.21,0.2,0.21,0.21,0.26,0.43,1.03,0.97,0.62,0.48,0.46,0.43,0.47,0.47,0.51,0.49,0.64,0.66,0.52,0.45,0.43,0.5,0.58
70,永和,3,臭氧,O3,ppb,2020/10/19,55.2,54,54.3,55.8,56.9,55,49.7,36.6,36,38,41,43.3,41.6,41.8,41.5,40.4,42.9,41.8,42.9,49.2,50.1,48.4,43.4,33.9
70,永和,4,懸浮微粒,PM10,μg/m3,2020/10/19,18,23,25,23,27,25,25,33,28,32,34,34,30,33,29,32,31,30,39,30,28,28,27,28
70,永和,6,一氧化氮,NO,ppb,2020/10/19,0.3,0.3,0.3,0.3,0.3,1.4,2.4,9.9,8.5,6.6,4.8,4.7,4.2,3.9,4.2,7.3,3.6,3.5,3.7,2.1,1.4,1.7,1.6,2.8
70,永和,14,溫度,AMB_TEMP,℃,2020/10/19,20.8,20.7,20.7,21,21,20.9,20.8,20.8,20.8,21.1,21.6,21.7,21.7,21.9,21.8,21.9,21.8,21.6,21.7,21.6,21.5,21.4,21.7,21.7
70,永和,23,雨量,RAINFALL,mm,2020/10/19,0,0,0,0,0,0,0,0,0,0,0,0,0,0,0,0,0,0,0,0,0.4,0,0,0
70,永和,1,二氧化硫,SO2,ppb,2020/10/19,2.5,2.8,2.6,2.8,2.8,3.3,4.4,4.8,4.3,4.3,4.1,4.2,4.3,3.9,3.7,3.9,3.7,3.4,3.7,3.9,3.8,3.9,3.8,3.8
70,永和,33,細懸浮微粒,PM2.5,μg/m3,2020/10/19,14,13,10,13,12,11,15,12,18,16,10,14,12,13,11,16,16,16,16,13,14,13,15,12
70,永和,38,相對濕度,RH,%,2020/10/19,78,77,79,78,78,81,83,83,80,76,74,77,81,82,82,81,81,81,81,82,84,85,84,80
70,永和,14,溫度,AMB_TEMP,℃,2020/10/20,21.5,21.5,21.7,21.7,21.9,21.8,21.8,22.1,22.3,22.3,22.6,23.2,23.5,23.7,23.6,24.2,24.1,23.7,23.5,23.8,24.3,24.3,24.4,24.7
70,永和,33,細懸浮微粒,PM2.5,μg/m3,2020/10/20,14,9,11,10,11,15,15,18,16,20,15,16,15,12,,17,16,11,8,11,9,13,15,8
70,永和,3,臭氧,O3,ppb,2020/10/20,40.3,45.2,48.4,50.6,51.6,50.4,48.2,39.4,37.4,44.2,42.3,48,47.6,44.2,41.8,38.2,38,37.6,37.3,39.5,45.1,45.5,43.6,40.5
70,永和,4,懸浮微粒,PM10,μg/m3,2020/10/20,23,23,32,29,30,28,30,38,43,40,38,37,37,,31,28,28,16,13,11,17,26,37,27
70,永和,6,一氧化氮,NO,ppb,2020/10/20,1.2,2.1,1.8,2.1,1.5,5,5.2,10.9,13.3,7.8,8.2,6,5.5,5.6,,6.9,5.5,5.6,4.8,3.4,3.6,2.3,2.8,2
70,永和,2,一氧化碳,CO,ppm,2020/10/20,0.4,0.24,0.25,0.23,0.23,0.3,0.63,1.04,1.29,0.62,0.51,0.38,0.37,0.42,0.39,0.4,0.44,0.56,0.59,0.46,0.35,0.33,0.35,0.31
70,永和,1,二氧化硫,SO2,ppb,2020/10/20,2.1,2.3,2.6,2.6,3.3,2.8,3,3.3,3.7,3.5,3.1,2.7,2.8,2.6,2.7,2.6,2.6,2.9,2.8,2.4,2.5,2.6,2.8,2.8
70,永和,144,小時風向值,WD_HR,degrees,2020/10/20,112,106,96,103,87,76,83,77,76,73,73,72,69,71,68,74,76,73,71,70,73,70,73,71
70,永和,143,小時風速值,WS_HR,m/sec,2020/10/20,0.9,0.9,1.2,1.1,1.4,1.8,1.6,2.1,2,3,2.8,3.6,3.3,2.8,3.5,2.8,2.4,2.9,3.1,2.7,2.9,3,2.7,2.3
70,永和,38,相對濕度,RH,%,2020/10/20,80,78,78,79,79,81,81,79,77,77,78,76,76,77,78,81,83,83,85,84,82,82,83,84
70,永和,23,雨量,RAINFALL,mm,2020/10/20,0,0,0,0,0,0,0,0,0,0,0,0,0,0,0.4,0,0,0,0.2,0,0,0,0,0
70,永和,1,二氧化硫,SO2,ppb,2020/10/21,2.2,2.1,2,2,2,1.8,2.1,2.1,1.9,1.9,1.9,2,2.1,2.1,2.1,1.8,2.1,2.3,2.4,2.1,2,1.8,2.1,2.4
70,永和,2,一氧化碳,CO,ppm,2020/10/21,0.23,0.21,0.18,0.18,0.18,0.24,0.5,0.86,1.5,0.66,0.53,0.45,0.38,0.38,0.43,0.43,0.45,0.66,0.68,0.5,0.39,0.28,0.29,0.25
70,永和,3,臭氧,O3,ppb,2020/10/21,40.8,39.4,38.4,36.1,34.6,32.6,27.1,23.4,20.6,22.9,23.1,23.5,28.7,28.4,20.5,16.2,17.3,13.4,12.1,14.1,31.2,41.9,40.9,39.1
70,永和,4,懸浮微粒,PM10,μg/m3,2020/10/21,20,18,17,14,12,10,13,11,11,21,21,22,17,27,11,17,5,5,5,5,5,5,5,5
70,永和,6,一氧化氮,NO,ppb,2020/10/21,2.1,1.5,1.3,1.3,1.2,2.4,5.2,11.1,20.6,12.5,9.2,10.4,7.2,6.1,11.7,10,6.7,8.1,8.3,5.7,3,2,1.6,3.2
70,永和,14,溫度,AMB_TEMP,℃,2020/10/21,24.8,24.8,25.1,25.1,25.2,24.9,25,25.5,26.3,26.3,26.1,26.3,27.4,27.6,26.6,26.9,26.2,25.8,25.7,25.3,24.8,23.6,23.5,23.4
70,永和,23,雨量,RAINFALL,mm,2020/10/21,0,0,0,0,0,0,0,0,0,0,0,0,0,0,0.4,0,0,0,0.2,0.2,0,0.8,0.2,0.2
70,永和,33,細懸浮微粒,PM2.5,μg/m3,2020/10/21,15,11,11,8,5,4,6,5,4,9,7,6,10,8,7,5,4,7,6,5,2,4,4,2
70,永和,38,相對濕度,RH,%,2020/10/21,85,86,86,86,86,87,87,85,81,82,83,84,76,77,83,81,84,85,87,87,86,86,87,88
70,永和,143,小時風速值,WS_HR,m/sec,2020/10/21,2.4,2.3,2.3,2.1,2,1.8,1.8,2.2,2.2,2.5,2.1,2.2,2.4,2.4,2.2,2.3,2.8,2,2.2,2.2,2.5,3.4,2.9,2.1
70,永和,144,小時風向值,WD_HR,degrees,2020/10/21,69,68,70,72,69,72,70,77,64,69,72,75,74,76,69,66,64,71,65,65,70,68,69,73
70,永和,144,小時風向值,WD_HR,degrees,2020/10/22,79,92,100,107,100,103,96,96,88,82,86,96,93,57,148,161,234,276,143,112,90,99,106,100
70,永和,143,小時風速值,WS_HR,m/sec,2020/10/22,2.2,1.5,1.4,1.3,1.4,1.4,1.3,1.4,1.3,1.5,1.4,1.2,0.9,0.9,0.5,0.4,0.5,0.4,0.3,0.7,1.1,1.2,1,1.2
70,永和,38,相對濕度,RH,%,2020/10/22,87,86,85,85,84,83,83,83,83,80,80,80,84,81,79,78,79,82,82,81,81,81,82,86
70,永和,33,細懸浮微粒,PM2.5,μg/m3,2020/10/22,2,3,3,4,5,4,4,3,2,3,6,4,2,2,3,9,10,9,9,9,9,9,12,17
70,永和,23,雨量,RAINFALL,mm,2020/10/22,0,0.2,0,0,0,0,0,0,0.2,0,0,0,0.4,0,0,0,0,0,0,0,0,0,0,0.8
70,永和,14,溫度,AMB_TEMP,℃,2020/10/22,23.3,23.5,23.5,23.4,23.2,23.2,23.3,23.4,23.7,23.9,24.2,23.8,23.1,23.3,23.4,23,22.6,21.6,21.3,21.2,21.2,20.7,20.5,20.1
70,永和,6,一氧化氮,NO,ppb,2020/10/22,1.8,1.9,1.4,2.2,1.9,2.5,4.6,7.7,18,8.3,9.1,5.8,8.9,16.3,27.8,16.2,14,18.8,15,11.1,3.5,3.2,3.3,2.5
70,永和,4,懸浮微粒,PM10,μg/m3,2020/10/22,5,5,5,5,5,5,5,5,5,5,10,5,5,5,19,23,18,11,14,13,11,15,14,19
70,永和,3,臭氧,O3,ppb,2020/10/22,42.2,42.2,44.6,44.1,42.7,41.1,34.9,30,23.4,30.5,29.8,34.8,30.9,30.3,21.4,29.3,26.7,24.4,26.9,34.2,40,39.3,36.1,38.6
70,永和,2,一氧化碳,CO,ppm,2020/10/22,0.22,0.2,0.18,0.18,0.18,0.25,0.46,0.75,1.3,0.65,0.54,0.43,0.64,0.72,1.12,0.98,0.97,1.48,1.33,0.91,0.68,0.65,0.62,0.49
70,永和,1,二氧化硫,SO2,ppb,2020/10/22,3.1,2,1.8,1.7,1.7,2,1.9,1.1,1.8,1.4,1.7,1.2,1,1.4,1.2,1,1.4,1.2,1.7,1.6,1.3,1.4,1.5,1.4
70,永和,143,小時風速值,WS_HR,m/sec,2020/10/23,1,1,0.9,0.7,0.9,1.1,1.1,1.6,1,1.1,1.2,1.2,1,1,1.4,1.1,1.2,0.9,1.2,1.3,1.2,1.1,0.9,1.5
70,永和,38,相對濕度,RH,%,2020/10/23,86,83,84,86,87,87,83,77,83,83,80,79,75,78,78,81,77,74,69,64,65,65,64,64
70,永和,33,細懸浮微粒,PM2.5,μg/m3,2020/10/23,13,18,27,32,38,38,34,28,21,20,15,17,21,24,20,16,17,15,18,14,16,16,21,21
70,永和,23,雨量,RAINFALL,mm,2020/10/23,0,0,0.4,0.4,0.6,0.4,0,1.4,0,0.2,0,0,0,0,0.2,0,0,0,0,0,0,0,0,0
70,永和,14,溫度,AMB_TEMP,℃,2020/10/23,20,20.5,20.6,20.5,20.5,20.4,20.4,20.4,19.8,19.8,20.4,21.1,21.9,21.6,21.5,21.2,21.5,21,21.2,21.3,21.2,21.3,21.4,21.6
70,永和,6,一氧化氮,NO,ppb,2020/10/23,2.1,2.2,1.6,2.1,1.8,3.1,4,14.7,25.9,11.8,14.8,16.8,14.8,10.6,7.3,11.1,7.2,6.6,5.6,4.7,3.3,3.9,5,4.1
70,永和,4,懸浮微粒,PM10,μg/m3,2020/10/23,18,32,44,53,54,52,68,69,58,51,42,47,74,76,71,58,63,62,68,60,57,62,72,78
70,永和,3,臭氧,O3,ppb,2020/10/23,39.1,43.5,43.5,41.6,40.2,45.5,45.8,31.6,21.9,25.7,22.7,20.1,22.5,27,30.9,26.7,26.9,25.2,26,31.8,33.2,33.7,32.8,38.8
70,永和,2,一氧化碳,CO,ppm,2020/10/23,0.44,0.39,0.45,0.49,0.56,0.58,0.55,1.26,1.34,1,0.77,0.74,0.66,0.67,0.59,0.45,0.52,0.59,0.6,0.45,0.35,0.41,0.49,0.44
70,永和,144,小時風向值,WD_HR,degrees,2020/10/23,110,109,128,141,146,99,102,79,126,132,133,145,105,115,91,94,98,110,100,96,104,104,104,83
70,永和,1,二氧化硫,SO2,ppb,2020/10/23,1.5,0.5,0.5,1.3,1,0.5,1.2,1.3,1.5,1.3,1.4,1.7,1.1,1.3,1.5,1.2,1.4,1.3,1.1,1,0.5,0.5,0.5,0.5
70,永和,2,一氧化碳,CO,ppm,2020/10/24,0.29,0.24,0.21,0.23,0.26,0.28,0.47,0.43,0.46,0.39,0.36,0.33,0.33,0.32,0.29,0.29,0.37,0.29,0.31,0.27,0.24,0.27,0.28,0.23
70,永和,3,臭氧,O3,ppb,2020/10/24,48.3,56,48.1,46.7,45,49.1,44.9,44.4,41.7,43.5,48.5,48.4,45.1,43.4,41.2,42.9,41.8,39.2,36.3,40.5,42.1,42.1,40.2,42.4
70,永和,4,懸浮微粒,PM10,μg/m3,2020/10/24,80,83,77,70,66,67,68,65,65,63,60,46,31,34,27,32,24,26,24,26,22,27,28,25
70,永和,6,一氧化氮,NO,ppb,2020/10/24,4.1,2.2,1.8,1.6,1.4,2.1,4.1,3.8,4.3,11.4,4.3,4.7,5.2,5.1,5.3,3.5,4.5,3.1,3.5,3.2,4.9,2.7,3,3.2
70,永和,14,溫度,AMB_TEMP,℃,2020/10/24,21.7,21.3,20.9,21,21.1,21.2,21.4,21.5,21.6,22.6,22.9,23.3,23.2,23.3,23.3,23,22.8,22.2,22.2,22.3,22.5,22.5,22.4,22.6
70,永和,23,雨量,RAINFALL,mm,2020/10/24,0,0,0,0,0,0,0,0,0,0,0,0,0,0,0,0,0,0,0,0,0,0,0,0
70,永和,33,細懸浮微粒,PM2.5,μg/m3,2020/10/24,24,25,22,22,19,21,21,17,17,18,16,13,12,10,8,11,7,7,7,8,10,7,6,5
70,永和,38,相對濕度,RH,%,2020/10/24,65,69,71,70,71,71,67,63,62,57,55,55,53,56,56,58,56,59,59,61,60,60,60,58
70,永和,1,二氧化硫,SO2,ppb,2020/10/24,1.4,1.3,1.4,1.6,1.7,1.5,1.6,1.5,1.7,1.8,1.3,1.3,1.4,1.6,1.6,1.5,1.5,1.6,1.9,1.5,1.4,1.5,1.5,1.7
70,永和,143,小時風速值,WS_HR,m/sec,2020/10/24,1.9,2.2,2,1.4,1.5,1.7,1.8,2.1,1.8,2.6,3.3,3.1,2.7,2.5,2.7,2.9,2.6,2.6,2.3,2,2.4,2.7,2.5,2.2
70,永和,144,小時風向值,WD_HR,degrees,2020/10/24,72,83,95,100,95,85,79,90,95,86,73,80,82,84,78,77,84,93,93,99,92,88,88,86
70,永和,143,小時風速值,WS_HR,m/sec,2020/10/25,2.4,2,2,1.9,2.1,2,2.1,2,2.2,2.7,2.9,2.6,2.6,2.5,2.6,2.7,2.5,2.5,2.2,2.1,2.2,2,1.8,1.8
70,永和,144,小時風向值,WD_HR,degrees,2020/10/25,84,80,87,82,80,88,87,85,76,73,73,83,87,92,81,75,77,74,87,96,88,86,79,77
70,永和,38,相對濕度,RH,%,2020/10/25,59,64,65,64,63,63,63,63,63,62,58,55,56,55,57,62,65,70,70,72,72,72,72,71
70,永和,33,細懸浮微粒,PM2.5,μg/m3,2020/10/25,3,4,6,8,5,5,8,8,6,6,7,9,10,9,7,9,6,6,7,8,8,10,7,6
70,永和,23,雨量,RAINFALL,mm,2020/10/25,0,0,0,0,0,0,0,0,0,0,0,0,0,0,0,0,0,0,0,0,0,0,0,0
70,永和,14,溫度,AMB_TEMP,℃,2020/10/25,22.5,22.5,22.5,22.6,22.9,22.8,22.9,23.2,23.5,24.3,25.3,25.8,25.8,26,26.1,25.4,24.8,24.1,23.8,23.5,23.5,23.4,23.5,23.5
70,永和,6,一氧化氮,NO,ppb,2020/10/25,2.4,1.4,1.4,1.3,1,1.3,2.3,3.4,3.8,4.8,3.4,4.6,2.7,3.1,2.6,4.8,3.5,3.3,2.4,2,2.5,2.3,2.1,2.2
70,永和,4,懸浮微粒,PM10,μg/m3,2020/10/25,18,28,21,25,21,20,23,20,24,25,22,27,30,27,26,15,21,18,21,18,16,20,16,19
70,永和,3,臭氧,O3,ppb,2020/10/25,43.9,44.5,44,44.5,44.6,43.5,41.5,39.4,38.8,38.7,40.2,40.9,42.5,42.1,41.2,37,35.4,35.1,37.9,37.4,36.3,35.4,34.6,37
70,永和,2,一氧化碳,CO,ppm,2020/10/25,0.2,0.18,0.17,0.17,0.21,0.19,0.26,0.35,0.39,0.35,0.31,0.34,0.28,0.27,0.25,0.31,0.39,0.36,0.32,0.24,0.29,0.34,0.32,0.25
70,永和,1,二氧化硫,SO2,ppb,2020/10/25,0.5,0.5,0.5,0.5,0.5,0.5,0.5,0,0.5,0.5,0.5,0.5,0.5,0.5,0.5,0.5,0.5,0.5,0.5,0.5,0.5,0.5,0.5,0.5
70,永和,144,小時風向值,WD_HR,degrees,2020/10/26,74,76,80,78,77,81,96,85,79,89,85,93,86,80,76,78,84,76,73,77,76,73,77,73
70,永和,6,一氧化氮,NO,ppb,2020/10/26,1.8,0.6,0.3,0.6,0.3,2.1,5,13.8,13.2,5,5.2,1.9,4,,3.9,4.2,3.9,4.3,3.6,3.5,2.1,2,3.5,1
70,永和,143,小時風速值,WS_HR,m/sec,2020/10/26,1.8,1.4,1.5,1.6,1.2,1.2,1.2,1.7,2.2,2.5,2.4,2.7,2.7,2.7,3,2.7,2.4,2.5,2.4,2.3,2.6,2.5,2.4,2.6
70,永和,4,懸浮微粒,PM10,μg/m3,2020/10/26,21,18,13,15,17,17,20,21,29,26,27,22,24,23,26,21,26,22,21,18,16,21,21,16
70,永和,38,相對濕度,RH,%,2020/10/26,72,72,72,69,69,69,69,67,62,57,55,53,52,55,56,56,59,62,63,64,65,65,64,62
70,永和,33,細懸浮微粒,PM2.5,μg/m3,2020/10/26,7,8,10,7,9,9,7,10,10,8,6,10,7,11,7,7,8,7,8,10,8,8,5,7
70,永和,23,雨量,RAINFALL,mm,2020/10/26,0,0,0,0,0,0,0,0,0,0,0,0,0,0,0,0,0,0,0,0,0,0,0,0
70,永和,3,臭氧,O3,ppb,2020/10/26,37.6,39.3,39.4,40.8,40,35.4,30.2,26.3,29.7,38.3,38.7,42.2,39.9,,38.8,37.5,33.7,30.5,31.2,33.4,35.5,37.2,38,41.3
70,永和,2,一氧化碳,CO,ppm,2020/10/26,0.23,0.19,0.17,0.15,0.18,0.26,0.45,1.08,0.85,0.39,0.35,0.23,0.27,,0.28,0.31,0.35,0.51,0.52,0.41,0.3,0.29,0.27,0.2
70,永和,14,溫度,AMB_TEMP,℃,2020/10/26,23.5,23.5,23.6,23.6,23.5,23.6,23.9,25,26.3,27.3,28,28,28.5,28,27.3,27,26.5,25.9,25.5,25.4,25.3,25.2,25.3,25.1
70,永和,1,二氧化硫,SO2,ppb,2020/10/26,0.5,1.8,1.7,2,1.9,2,2.1,2.3,2.3,2,1.8,2.2,2.5,,2.3,2.3,2,2.1,2.6,2.2,1.9,1.5,1.8,1.8
70,永和,23,雨量,RAINFALL,mm,2020/10/27,0,0,0,0,0,0,0,0,0,0,0,0,0,0,0,0,0,0,0,0,0,0,0,0
70,永和,6,一氧化氮,NO,ppb,2020/10/27,1,0.3,0.3,0.8,1.6,3.8,5.6,11,14.7,8.6,7.2,5.9,4.7,4.9,5.4,4.5,4.6,6.7,5.2,4.3,3.3,2.7,1.3,1.6
70,永和,4,懸浮微粒,PM10,μg/m3,2020/10/27,18,15,14,17,20,17,25,21,22,25,26,24,25,29,32,36,32,30,29,28,22,27,25,18
70,永和,3,臭氧,O3,ppb,2020/10/27,41.1,41.3,41.2,40.1,38.9,34.7,32.2,29.6,30,30.3,33.6,34.2,35.1,35,33.7,31.7,30.1,28.4,28.1,29.1,31.6,32.1,32.6,33.2
70,永和,2,一氧化碳,CO,ppm,2020/10/27,0.2,0.15,0.16,0.16,0.17,0.23,0.55,0.89,1.02,0.51,0.41,0.34,0.29,0.31,0.29,0.32,0.36,0.54,0.61,0.49,0.36,0.29,0.28,0.25
70,永和,143,小時風速值,WS_HR,m/sec,2020/10/27,2,2,1.9,1.9,1.5,1.7,1.7,2.1,2.3,2.3,2.4,2.8,3.1,3,2.8,2.4,2.3,2.2,1.9,2,2,2,1.9,2
70,永和,144,小時風向值,WD_HR,degrees,2020/10/27,88,91,86,87,76,76,84,87,87,86,80,73,73,73,74,77,75,77,80,81,81,89,88,90
70,永和,1,二氧化硫,SO2,ppb,2020/10/27,3,1,1,1.3,0.5,1.4,1.4,1.2,,1.9,2.1,1.9,2.3,2.2,2.2,2.1,2.2,2.1,2.2,1.8,1.7,1.6,1.6,2
70,永和,38,相對濕度,RH,%,2020/10/27,63,65,65,65,67,68,68,64,63,63,62,61,61,59,60,62,64,64,64,66,68,68,69,69
70,永和,33,細懸浮微粒,PM2.5,μg/m3,2020/10/27,5,6,5,3,7,10,11,11,9,11,9,10,14,16,16,17,16,17,14,12,10,14,18,15
70,永和,14,溫度,AMB_TEMP,℃,2020/10/27,24.8,24.7,24.6,24.6,24.5,24.4,24.6,25.6,26.2,26.7,26.8,27.5,27.2,27.4,27,26.7,26.5,26.4,26.3,26.2,26.1,26,25.7,25.6
70,永和,1,二氧化硫,SO2,ppb,2020/10/28,1.2,2,2,1.9,2.4,2.6,2.2,2.3,2.9,2.2,2.4,2.4,2.5,2.2,2.5,2.6,2.7,2.2,2,1.8,1.8,1.8,1.8,1.7
70,永和,2,一氧化碳,CO,ppm,2020/10/28,0.19,0.18,0.16,0.15,0.18,0.23,0.41,1.04,1.1,0.59,0.39,0.37,0.31,0.36,0.35,0.37,0.44,0.4,0.4,0.32,0.26,0.28,0.33,0.25
70,永和,3,臭氧,O3,ppb,2020/10/28,35.2,35.5,37.1,36.7,34.4,28.8,25.6,20.7,21.2,27.1,29.7,28.8,32.4,30,27.8,25.4,24.3,25.6,23.1,23.8,26.4,27,33.3,37.7
70,永和,4,懸浮微粒,PM10,μg/m3,2020/10/28,15,19,25,25,21,23,23,27,32,31,29,26,29,30,31,30,27,29,25,25,27,27,28,25
70,永和,6,一氧化氮,NO,ppb,2020/10/28,1.1,1.1,1,1,0.9,2,4.2,14.7,46.9,11.5,7.5,7.7,5.5,7.3,6.5,6.4,7.7,3.2,2.6,2.7,2,2.3,2.3,1.9
70,永和,14,溫度,AMB_TEMP,℃,2020/10/28,25.4,25.3,25.6,25.3,25.3,25.3,25.4,26.2,27.1,27.3,27.2,26.9,27.5,27.5,27.1,26.6,26.5,25.9,25.6,25.4,25.6,25.5,25.5,25
70,永和,33,細懸浮微粒,PM2.5,μg/m3,2020/10/28,11,14,16,13,13,15,13,13,17,15,11,15,17,11,16,19,18,16,15,13,17,16,17,12
70,永和,143,小時風速值,WS_HR,m/sec,2020/10/28,1.8,1.8,1.8,1.9,1.6,1.6,1.3,2,2.3,2,2.5,2.4,2.4,2.4,2.6,2,2.1,1.6,1.5,1.7,1.6,1.6,1.8,2.2
70,永和,38,相對濕度,RH,%,2020/10/28,69,69,67,69,70,72,72,70,67,67,67,67,63,63,65,67,67,70,71,72,71,71,74,77
70,永和,23,雨量,RAINFALL,mm,2020/10/28,0,0,0,0,0,0,0,0,0,0,0,0,0,0,0,0,0,0,0,0,0,0,0,0
70,永和,144,小時風向值,WD_HR,degrees,2020/10/28,87,84,86,85,74,79,89,76,74,79,75,76,80,74,71,80,84,97,98,98,98,96,88,74
70,永和,2,一氧化碳,CO,ppm,2020/10/29,0.2,0.16,0.15,0.16,0.15,0.2,0.46,1.01,1.24,0.52,,0.4,0.37,0.41,0.4,0.41,0.49,0.64,0.78,0.61,0.54,0.46,0.5,0.36
70,永和,1,二氧化硫,SO2,ppb,2020/10/29,1,3,2.9,3.4,3.3,3.2,3.6,3.5,3.9,,,2.9,2.6,2.7,2.8,2.9,2.4,2.8,2.7,2.6,2.8,2.6,2.7,2.6
70,永和,3,臭氧,O3,ppb,2020/10/29,40.9,42.8,43.2,41.8,39.7,41,38,30.4,26.8,35.1,33.1,,25.7,29.9,32.4,36.8,39.2,38.3,27.2,28.4,37.1,44.9,46.3,51.1
70,永和,4,懸浮微粒,PM10,μg/m3,2020/10/29,20,17,25,28,20,24,24,23,29,24,24,,27,29,38,27,28,29,27,30,32,30,38,47
70,永和,6,一氧化氮,NO,ppb,2020/10/29,1.1,2,1.9,1.8,1.7,2.5,5.3,10.6,21.4,8.7,,6.4,8.7,7.7,8.9,6,5.9,5.3,7.6,6.4,3.6,2.6,2.2,2.3
70,永和,14,溫度,AMB_TEMP,℃,2020/10/29,24.8,24.6,24.6,24.9,24.6,24.7,24.7,24.8,25.3,25.3,25.2,24.9,25,24.9,24.7,24.4,24.1,23.5,23.4,23.7,23.8,24,24.1,24
70,永和,23,雨量,RAINFALL,mm,2020/10/29,0,0,0,0,0,0,0,0,0,0,,0,0,0,0,0,0,0,0,0,0,0,0,0
70,永和,33,細懸浮微粒,PM2.5,μg/m3,2020/10/29,13,9,12,13,12,11,11,13,13,11,,11,10,10,17,11,14,15,14,15,17,17,16,19
70,永和,38,相對濕度,RH,%,2020/10/29,76,77,76,73,75,75,76,76,73,72,73,73,72,71,71,71,72,75,76,73,73,70,68,70
70,永和,143,小時風速值,WS_HR,m/sec,2020/10/29,2.3,2.5,1.8,1.5,1.3,1.5,1.7,2,1.9,2.3,2.2,2.3,2.6,2.4,2.3,2.4,2.1,2.2,1.4,1.6,1.5,1.8,1.4,1.6
70,永和,144,小時風向值,WD_HR,degrees,2020/10/29,77,74,79,88,96,91,83,81,78,76,73,76,74,68,70,77,78,70,84,79,78,78,84,82
70,永和,2,一氧化碳,CO,ppm,2020/10/30,0.3,0.23,0.21,0.2,0.2,0.23,0.53,1.03,1.07,0.59,0.46,0.41,0.43,0.44,0.47,0.47,0.46,0.45,0.51,0.42,0.37,0.35,0.34,0.28
70,永和,33,細懸浮微粒,PM2.5,μg/m3,2020/10/30,15,14,12,9,13,13,14,11,12,13,15,15,16,14,15,20,19,16,19,15,17,13,12,10
70,永和,23,雨量,RAINFALL,mm,2020/10/30,0,0,0,0,0,0,0,0,0,0,0,0,0,0,0,0,0,0,0,0,0,0,0,0
70,永和,14,溫度,AMB_TEMP,℃,2020/10/30,23.2,22.9,22.5,23,23.2,23.3,23,23.4,23.4,24.1,23.8,23.2,23.3,22.8,23.2,23.4,23,22.5,22.6,22.3,22,21.8,21.9,21.6
70,永和,6,一氧化氮,NO,ppb,2020/10/30,2.1,0.3,0.3,0.3,0.8,0.7,5.7,12.3,12.4,10.1,5.1,3.9,4.6,4.2,4.9,5.2,2.7,1.7,1.8,1.4,0.9,0.8,1.2,0.6
70,永和,144,小時風向值,WD_HR,degrees,2020/10/30,73,81,80,79,72,75,84,73,71,70,64,70,74,84,83,87,97,100,98,101,98,93,92,91
70,永和,143,小時風速值,WS_HR,m/sec,2020/10/30,2,1.8,1.5,1.4,1.5,1.8,1.4,1.9,2,2.2,2.7,2.6,2.2,1.6,1.6,1.7,1.5,1.7,1.7,1.8,1.7,2.1,1.9,1.8
70,永和,38,相對濕度,RH,%,2020/10/30,74,73,75,70,68,64,66,64,62,57,57,59,58,61,59,58,59,61,61,63,64,64,63,64
70,永和,4,懸浮微粒,PM10,μg/m3,2020/10/30,39,33,30,30,35,34,43,46,43,41,44,43,44,41,46,46,47,42,39,39,37,34,29,30
70,永和,3,臭氧,O3,ppb,2020/10/30,51.6,52.4,51,47.2,45.4,47.8,37.7,31.9,31.2,38.7,42.4,45.5,44,42.8,41.9,41.2,39.6,40,40.2,42.9,44.9,44.9,44.1,44.2
70,永和,1,二氧化硫,SO2,ppb,2020/10/30,3.6,2.9,3,2.7,3.1,3,3.2,3.1,2.8,3.2,3.2,3.1,3,2.9,3.1,3,3.3,3.1,2.8,2.8,2.4,2.5,2.7,2.2
70,永和,1,二氧化硫,SO2,ppb,2020/10/31,1.9,1.7,1.4,1.2,1.4,1.4,1.6,2.1,2.1,2.2,1.8,1.8,1.8,1.4,1.7,1.4,1,0.5,0.5,1.4,1.6,1.5,1.6,1.1
70,永和,23,雨量,RAINFALL,mm,2020/10/31,0,0,0,0,0,0,0,0,0,0,0,0,0,0,0,0,0,0,0,0,0,0,0,0
70,永和,144,小時風向值,WD_HR,degrees,2020/10/31,86,86,93,96,90,95,92,95,97,83,73,75,67,70,73,75,74,84,95,91,99,93,95,88
70,永和,143,小時風速值,WS_HR,m/sec,2020/10/31,1.5,1.3,1.4,1.4,1.5,1.9,2,2.1,2.1,2.2,2.9,2.7,3.1,2.6,2.7,2.5,2.7,2.1,2,1.8,1.9,1.8,1.7,1.8
70,永和,38,相對濕度,RH,%,2020/10/31,64,64,64,65,67,65,65,62,58,55,49,49,49,48,50,56,61,66,70,70,72,73,71,68
70,永和,33,細懸浮微粒,PM2.5,μg/m3,2020/10/31,12,9,9,12,11,9,9,10,10,10,11,9,11,10,11,12,12,16,15,11,11,9,9,11
70,永和,14,溫度,AMB_TEMP,℃,2020/10/31,21.5,21.2,21,20.8,20.4,20.5,20.5,21.4,22.8,23.7,24.8,25.2,25.4,25.6,25.5,24.9,24.5,23.8,23.1,23.1,23.1,23.1,23.4,23.3
70,永和,6,一氧化氮,NO,ppb,2020/10/31,1,2.3,2.1,2.1,1.9,1.5,3.5,4.8,4.9,5.5,5.6,5.9,5.1,7.4,6.1,3.3,3.3,3.6,2.1,2.1,2.2,3.4,2.3,2.1
70,永和,4,懸浮微粒,PM10,μg/m3,2020/10/31,26,24,27,27,23,22,25,29,31,30,36,32,30,31,32,30,32,34,29,26,25,21,22,16
70,永和,3,臭氧,O3,ppb,2020/10/31,45.5,43.6,43.6,42.1,39.7,42,38.7,38.4,40.8,41.4,46.5,48.1,50.1,51,51.3,55,51.6,48.5,47.4,43.4,43.2,39.1,41.9,42.3
70,永和,2,一氧化碳,CO,ppm,2020/10/31,0.3,0.28,0.22,0.21,0.22,0.23,0.32,0.36,0.38,0.44,0.37,0.4,0.41,0.4,0.55,0.4,0.44,0.57,0.37,0.37,0.3,0.35,0.3,0.32
